"1_Portfolio_identifying_data","2_Type_of_identification_code_for_the_fund_share_or_portfolio","3_Portfolio_name","4_Portfolio_currency_(B)","5_Net_asset_valuation_of_the_portfolio_or_the_share_class_in_portfolio_currency","6_Valuation_date","7_Reporting_date","8_Share_price","8b_Total_number_of_shares","9_Cash_ratio","10_Portfolio_modified_duration","11_Complete_SCR_delivery","12_CIC_code_of_the_instrument","13_Economic_zone_of_the_quotation_place","14_Identification_code_of_the_instrument","15_Type_of_identification_code_for_the_instrument","16_Grouping_code_for_multiple_leg_instruments","17_Instrument_name","17b_Asset_liability","18_Quantity","19_Nominal_amount","20_Contract_size_for_derivatives","21_Quotation_currency_(A)","22_Market_valuation_in_quotation_currency_(A)","23_Clean_market_valuation_in_quotation_currency_(A)","24_Market_valuation_in_portfolio_currency_(B)","25_Clean_market_valuation_in_portfolio_currency_(B)","26_Valuation_weight","27_Market_exposure_amount_in_quotation_currency_(A)","28_Market_exposure_amount_in_portfolio_currency_(B)","29_Market_exposure_amount_for_the_3rd_quotation_currency_(C)","30_Market_exposure_in_weight","31_Market_exposure_for_the_3rd_currency_in_weight_over_NAV","32_Interest_rate_type","33_Coupon_rate","34_Interest_rate_reference_identification","35_Identification_type_for_interest_rate_index","36_Interest_rate_index_name","37_Interest_rate_margin","38_Coupon_payment_frequency","39_Maturity_date","40_Redemption_type","41_Redemption_rate","42_Callable_putable","43_Call_put_date","44_Issuer_bearer_option_exercise","45_Strike_price_for_embedded_(call_put)_options","46_Issuer_name","47_Issuer_identification_code","48_Type_of_identification_code_for_issuer","49_Name_of_the_group_of_the_issuer","50_Identification_of_the_group","51_Type_of_identification_code_for_issuer_group","52_Issuer_country","53_Issuer_economic_area","54_Economic_sector","55_Covered_not_covered","56_Securitisation","57_Explicit_guarantee_by_the_country_of_issue","58_Subordinated_debt","58b_Nature_of_the_tranche","59_Credit_quality_step","60_Call_Put_Cap_Floor","61_Strike_price","62_Conversion_factor_(convertibles)_concordance_factor_parity_(options)","63_Effective_date_of_instrument","64_Exercise_type","65_Hedging_rolling","67_CIC_of_the_underlying_asset","68_Identification_code_of_the_underlying_asset","69_Type_of_identification_code_for_the_underlying_asset","70_Name_of_the_underlying_asset","71_Quotation_currency_of_the_underlying_asset_(C)","72_Last_valuation_price_of_the_underlying_asset","73_Country_of_quotation_of_the_underlying_asset","74_Economic_area_of_quotation_of_the_underlying_asset","75_Coupon_rate_of_the_underlying_asset","76_Coupon_payment_frequency_of_the_underlying_asset","77_Maturity_date_of_the_underlying_asset","78_Redemption_profile_of_the_underlying_asset","79_Redemption_rate_of_the_underlying_asset","80_Issuer_name_of_the_underlying_asset","81_Issuer_identification_code_of_the_underlying_asset","82_Type_of_issuer_identification_code_of_the_underlying_asset","83_Name_of_the_group_of_the_issuer_of_the_underlying_asset","84_Identification_of_the_group_of_the_underlying_asset","85_Type_of_the_group_identification_code_of_the_underlying_asset","86_Issuer_country_of_the_underlying_asset","87_Issuer_economic_area_of_the_underlying_asset","88_Explicit_guarantee_by_the_country_of_issue_of_the_underlying_asset","89_Credit_quality_step_of_the_underlying_asset","90_Modified_duration_to_maturity_date","91_Modified_duration_to_next_option_exercise_date","92_Credit_sensitivity","93_Sensitivity_to_underlying_asset_price_(delta)","94_Convexity_gamma_for_derivatives","94b_Vega","95_Identification_of_the_original_portfolio_for_positions_embedded_in_a_fund","97_SCR_mrkt_IR_up_weight_over_NAV","98_SCR_mrkt_IR_down_weight_over_NAV","99_SCR_mrkt_eq_type1_weight_over_NAV","100_SCR_mrkt_eq_type2_weight_over_NAV","101_SCR_mrkt_prop_weight_over_NAV","102_SCR_mrkt_spread_bonds_weight_over_NAV","103_SCR_mrkt_spread_structured_weight_over_NAV","104_SCR_mrkt_spread_derivatives_up_weight_over_NAV","105_SCR_mrkt_spread_derivatives_down_weight_over_NAV","105a_SCR_mrkt_FX_up_weight_over_NAV","105b_SCR_mrkt_FX_down_weight_over_NAV","106_Asset_pledged_as_collateral","107_Place_of_deposit","108_Participation","110_Valorisation_method","111_Value_of_acquisition","112_Credit_rating","113_Rating_agency","114_Issuer_economic_area","115_Fund_issuer_code","116_Fund_issuer_code_type","117_Fund_issuer_name","118_Fund_issuer_sector","119_Fund_issuer_group_code","120_Fund_issuer_group_code_type","121_Fund_issuer_group_name","122_Fund_issuer_country","123_Fund_CIC","123a_Fund_custodian_country","124_Duration","125_Accrued_income_(Security Denominated Currency)","126_Accrued_income_(Portfolio Denominated Currency)","127_Bond_floor_(convertible_instrument_only)","128_Option_premium_(convertible_instrument_only)","129_Valuation_yield","130_Valuation_z_spread","131_Underlying_asset_category","132_Infrastructure_investment","133_custodian_name","134_type1_private_equity_portfolio_eligibility","135_type1_private_equity_issuer_beta","137_counterparty_sector","138_collateral_eligibility","139_collateral_market_valuation_in_portfolio_currency","140_Custodian_identification_code","141_Type_of_custodian_identification_code","142_Bail-in_Rule","143_Maturity_date_expected","144_Modified_duration_to_maturity_date_expected","145_Credit_sensitivity_expected","146_PIK","147_Infrastructure_investment_additional_QRT","148_Economic_sector_NACE2.1","1000_TPT_Version"
"LU1833933325","1","ODDO BHF Artificial Intelligence","USD","68432302.46511595","2025-12-31","2025-12-31","2548.268","26854.437","0.036335718653876657","0","Y","US31","2","US78781J1097","1","","SAILPOINT (SAIL US, Common Stock)","","26388.230070681431","","","USD","533833.89432988537","533833.89432988537","533833.89432988537","533833.89432988537","0.0078009050565266682","533833.89432988537","533833.89432988537","","0.0078009050565266682","","","","","","","","","","","","","","","","SailPoint, Inc.","","9","THOMA BRAVO LLC","5493001G651ICQ33SN58","1","US","2","J","","","","","","","","","","","","","","","","","","","","","","","","","","","","","","","","","","","","","","","","","","","-0","-0","0.003658624471511007","-0","-0","0","0","-0","-0","-0","-0","","LU","","1","","","","","969500PM0E65UZXZGK64","1","ODDO BHF AM SAS","K6630","9695002I9DJHZ3449O66","1","ODDO BHF SCA","LU","LU41","LU","0","","","","","","","3L","0","CACEIS Bank (Luxembourg)","0","","","","","","","","","","","","","","V7.0"
"LU1833933325","1","ODDO BHF Artificial Intelligence","USD","68432302.46511595","2025-12-31","2025-12-31","2548.268","26854.437","0.036335718653876657","0","Y","US31","2","US1725731079","1","","CIRCLE INTERNET (CRCL US, Common Stock)","","3721.8341129562859","","","USD","295141.44515743345","295141.44515743345","295141.44515743345","295141.44515743345","0.0043128966076785846","295141.44515743345","295141.44515743345","","0.0043128966076785846","","","","","","","","","","","","","","","","Circle Internet Group, Inc.","254900HFVVR6NPMQVN93","1","CIRCLE INTERNET GROUP INC","254900HFVVR6NPMQVN93","1","US","2","J","","","","","","","","","","","","","","","","","","","","","","","","","","","","","","","","","","","","","","","","","","","-0","-0","0.0020227485090012565","-0","-0","0","0","-0","-0","-0","-0","","LU","","1","","","","","969500PM0E65UZXZGK64","1","ODDO BHF AM SAS","K6630","9695002I9DJHZ3449O66","1","ODDO BHF SCA","LU","LU41","LU","0","","","","","","","3L","0","CACEIS Bank (Luxembourg)","0","","","","","","","","","","","","","","V7.0"
"LU1833933325","1","ODDO BHF Artificial Intelligence","USD","68432302.46511595","2025-12-31","2025-12-31","2548.268","26854.437","0.036335718653876657","0","Y","US31","2","US1421521071","1","","CARIS LIFE (CAI US, Common Stock)","","10775.606656492342","","","USD","290725.86759216338","290725.86759216338","290725.86759216338","290725.86759216338","0.0042483718524649059","290725.86759216338","290725.86759216338","","0.0042483718524649059","","","","","","","","","","","","","","","","Caris Life Sciences, Inc.","549300LX5LO78M5VPY43","1","CARIS LIFE SCIENCES INC","549300LX5LO78M5VPY43","1","US","2","C","","","","","","","","","","","","","","","","","","","","","","","","","","","","","","","","","","","","","","","","","","","-0","-0","0.0019924863988060406","-0","-0","0","0","-0","-0","-0","-0","","LU","","1","","","","","969500PM0E65UZXZGK64","1","ODDO BHF AM SAS","K6630","9695002I9DJHZ3449O66","1","ODDO BHF SCA","LU","LU41","LU","0","","","","","","","3L","0","CACEIS Bank (Luxembourg)","0","","","","","","","","","","","","","","V7.0"
"LU1833933325","1","ODDO BHF Artificial Intelligence","USD","68432302.46511595","2025-12-31","2025-12-31","2548.268","26854.437","0.036335718653876657","0","Y","HK31","3","KYG875721634","1","","TENCENT HOLDINGS (700 HK, Common Stock)","","13901.6100612366","","","HKD","8327064.4266807241","8327064.4266807241","1069835.4759016798","1069835.4759016798","0.015633486487569802","8327064.4266807241","1069835.4759016796","","0.0156334864875698","","","","","","","","","","","","","","","","Tencent Holdings Ltd.","254900N4SLUMW4XUYY11","1","TENCENT HOLDINGS LTD","254900N4SLUMW4XUYY11","1","KY","3","J","","","","","","","","","","","","","","","","","","","","","","","","","","","","9","","","9","","","","","","","","","","","","-0","-0","-0","0.0088954538114272182","-0","0","0","-0","-0","-0.00390837162189245","0.0039083716218924506","","LU","","1","","","","","969500PM0E65UZXZGK64","1","ODDO BHF AM SAS","K6630","9695002I9DJHZ3449O66","1","ODDO BHF SCA","LU","LU41","LU","0","","","","","","","3L","0","CACEIS Bank (Luxembourg)","0","","","","","","","","","","","","","","V7.0"
"LU1833933325","1","ODDO BHF Artificial Intelligence","USD","68432302.46511595","2025-12-31","2025-12-31","2548.268","26854.437","0.036335718653876657","0","Y","US31","2","US90184D1000","1","","TWIST BIOSCIENCE (TWST US, Common Stock)","","9005.5081413884654","","","USD","285654.71824484214","285654.71824484214","285654.71824484214","285654.71824484214","0.0041742672386400779","285654.71824484214","285654.71824484214","","0.0041742672386400779","","","","","","","","","","","","","","","","Twist Bioscience Corp.","549300T23BL59LCOH584","1","TWIST BIOSCIENCE CORP","549300T23BL59LCOH584","1","US","2","C","","","","","","","","","","","","","","","","","","","","","","","","","","","","","","","","","","","","","","","","","","","-0","-0","0.0019577313349221962","-0","-0","0","0","-0","-0","-0","-0","","LU","","1","","","","","969500PM0E65UZXZGK64","1","ODDO BHF AM SAS","K6630","9695002I9DJHZ3449O66","1","ODDO BHF SCA","LU","LU41","LU","0","","","","","","","3L","0","CACEIS Bank (Luxembourg)","0","","","","","","","","","","","","","","V7.0"
"LU1833933325","1","ODDO BHF Artificial Intelligence","USD","68432302.46511595","2025-12-31","2025-12-31","2548.268","26854.437","0.036335718653876657","0","Y","US31","2","US22788C1053","1","","CROWDSTRIKE HLDG (CRWD US, Common Stock)","","720.17510002050926","","","USD","337589.27988561394","337589.27988561394","337589.27988561394","337589.27988561394","0.0049331860499316595","337589.27988561394","337589.27988561394","","0.0049331860499316595","","","","","","","","","","","","","","","","CrowdStrike Holdings, Inc.","549300YBY08K9KM4HX32","1","CROWDSTRIKE HOLDINGS INC","549300YBY08K9KM4HX32","1","US","2","J","","","","","","","","","","","","","","","","","","","","","","","","","","","","9","","","9","","","","","","","","","","","","-0","-0","0.0023136642574179481","-0","-0","0","0","-0","-0","-0","-0","","LU","","1","","","","","969500PM0E65UZXZGK64","1","ODDO BHF AM SAS","K6630","9695002I9DJHZ3449O66","1","ODDO BHF SCA","LU","LU41","LU","0","","","","","","","3L","0","CACEIS Bank (Luxembourg)","0","","","","","","","","","","","","","","V7.0"
"LU1833933325","1","ODDO BHF Artificial Intelligence","USD","68432302.46511595","2025-12-31","2025-12-31","2548.268","26854.437","0.036335718653876657","0","Y","US31","2","US18915M1071","1","","CLOUDFLARE (NET US, Common Stock)","","1512.2482119623139","","","USD","298139.73498837021","298139.73498837021","298139.73498837021","298139.73498837021","0.0043567105628274008","298139.73498837021","298139.73498837021","","0.0043567105628274008","","","","","","","","","","","","","","","","Cloudflare, Inc.","5493007DY18BGNLDWU14","1","CLOUDFLARE INC","5493007DY18BGNLDWU14","1","US","2","J","","","","","","","","","","","","","","","","","","","","","","","","","","","","9","","","9","","","","","","","","","","","","-0","-0","0.0020432972539660504","-0","-0","0","0","-0","-0","-0","-0","","LU","","1","","","","","969500PM0E65UZXZGK64","1","ODDO BHF AM SAS","K6630","9695002I9DJHZ3449O66","1","ODDO BHF SCA","LU","LU41","LU","0","","","","","","","3L","0","CACEIS Bank (Luxembourg)","0","","","","","","","","","","","","","","V7.0"
"LU1833933325","1","ODDO BHF Artificial Intelligence","USD","68432302.46511595","2025-12-31","2025-12-31","2548.268","26854.437","0.036335718653876657","0","Y","HK31","3","KYG017191142","1","","ALIBABA (9988 HK, Common Stock)","","39985.385577281777","","","HKD","5709913.0604358381","5709913.0604358381","733591.96511027659","733591.96511027659","0.010719966137106558","5709913.0604358381","733591.96511027659","","0.010719966137106558","","","","","","","","","","","","","","","","Alibaba Group Holding Ltd.","5493001NTNQJDH60PM02","1","ALIBABA GROUP HOLDING LTD","5493001NTNQJDH60PM02","1","KY","3","G","","","","","","","","","","","","","","","","","","","","","","","","","","","","9","","","9","","","","","","","","","","","","-0","-0","-0","0.0060996607320136327","-0","0","0","-0","-0","-0.0026799915342766382","0.0026799915342766403","","LU","","1","","","","","969500PM0E65UZXZGK64","1","ODDO BHF AM SAS","K6630","9695002I9DJHZ3449O66","1","ODDO BHF SCA","LU","LU41","LU","0","","","","","","","3L","0","CACEIS Bank (Luxembourg)","0","","","","","","","","","","","","","","V7.0"
"LU1833933325","1","ODDO BHF Artificial Intelligence","USD","68432302.46511595","2025-12-31","2025-12-31","2548.268","26854.437","0.036335718653876657","0","Y","CN31","3","CNE100003662","1","","CATL (300750 C2, Common Stock)","","10647.27899532534","","","CNY","3910319.6838231841","3910319.6838231841","559564.36021310138","559564.36021310138","0.0081769038897725951","3910319.6838231841","559564.36021310126","","0.0081769038897725934","","","","","","","","","","","","","","","","Contemporary Amperex Technolog","300300KINDY1K0E9I032","1","CONTEMPORARY AMPEREX TECHNOLOG","300300KINDY1K0E9I032","1","CN","3","C","","","","","","","","","","","","","","","","","","","","","","","","","","","","9","","","9","","","","","","","","","","","","-0","-0","-0","0.0046526583132806059","-0","0","0","-0","-0","-0.0020442259724431484","0.0020442259724431492","","LU","","1","","","","","969500PM0E65UZXZGK64","1","ODDO BHF AM SAS","K6630","9695002I9DJHZ3449O66","1","ODDO BHF SCA","LU","LU41","LU","0","","","","","","","3L","0","CACEIS Bank (Luxembourg)","0","","","","","","","","","","","","","","V7.0"
"LU1833933325","1","ODDO BHF Artificial Intelligence","USD","68432302.46511595","2025-12-31","2025-12-31","2548.268","26854.437","0.036335718653876657","0","Y","US31","2","US8334451098","1","","SNOWFLAKE (SNOW US, Common Stock)","","2986.7217528413248","","","USD","655167.283703273","655167.283703273","655167.283703273","655167.283703273","0.00957394768409628","655167.283703273","655167.283703273","","0.00957394768409628","","","","","","","","","","","","","","","","Snowflake, Inc.","254900CJNSY1K7T53Z16","1","SNOWFLAKE INC","254900CJNSY1K7T53Z16","1","US","2","J","","","","","","","","","","","","","","","","","","","","","","","","","","","","","","","","","","","","","","","","","","","-0","-0","0.0044901814638411558","-0","-0","0","0","-0","-0","-0","-0","","LU","","1","","","","","969500PM0E65UZXZGK64","1","ODDO BHF AM SAS","K6630","9695002I9DJHZ3449O66","1","ODDO BHF SCA","LU","LU41","LU","0","","","","","","","3L","0","CACEIS Bank (Luxembourg)","0","","","","","","","","","","","","","","V7.0"
"LU1833933325","1","ODDO BHF Artificial Intelligence","USD","68432302.46511595","2025-12-31","2025-12-31","2548.268","26854.437","0.036335718653876657","0","Y","US31","2","US91332U1016","1","","UNITY SOFTWARE (U US, Common Stock)","","11459.268454059746","","","USD","506155.887615819","506155.887615819","506155.887615819","506155.887615819","0.0073964468442931173","506155.887615819","506155.887615819","","0.0073964468442931173","","","","","","","","","","","","","","","","Unity Software, Inc.","549300D1ESJMGNQNG432","1","UNITY SOFTWARE INC","549300D1ESJMGNQNG432","1","US","2","J","","","","","","","","","","","","","","","","","","","","","","","","","","","","9","","","9","","","","","","","","","","","","-0","-0","0.0034689335699734721","-0","-0","0","0","-0","-0","-0","-0","","LU","","1","","","","","969500PM0E65UZXZGK64","1","ODDO BHF AM SAS","K6630","9695002I9DJHZ3449O66","1","ODDO BHF SCA","LU","LU41","LU","0","","","","","","","3L","0","CACEIS Bank (Luxembourg)","0","","","","","","","","","","","","","","V7.0"
"LU1833933325","1","ODDO BHF Artificial Intelligence","USD","68432302.46511595","2025-12-31","2025-12-31","2548.268","26854.437","0.036335718653876657","0","Y","US31","2","US57636Q1040","1","","MASTERCARD (MA US, Common Stock)","","1588.5278201779818","","","USD","906858.76198320626","906858.76198320626","906858.76198320626","906858.76198320626","0.013251910710522806","906858.76198320626","906858.76198320626","","0.013251910710522806","","","","","","","","","","","","","","","","Mastercard, Inc.","AR5L2ODV9HN37376R084","1","MASTERCARD INC","AR5L2ODV9HN37376R084","1","US","2","K6492","","","","","","","","","","","","","","","","","","","","","","","","","","","","9","","","9","","","","","","","","","","","","-0","-0","0.006215146123235195","-0","-0","0","0","-0","-0","-0","-0","","LU","","1","","","","","969500PM0E65UZXZGK64","1","ODDO BHF AM SAS","K6630","9695002I9DJHZ3449O66","1","ODDO BHF SCA","LU","LU41","LU","0","","","","","","","3L","0","CACEIS Bank (Luxembourg)","0","","","","","","","","","","","","","","V7.0"
"LU1833933325","1","ODDO BHF Artificial Intelligence","USD","68432302.46511595","2025-12-31","2025-12-31","2548.268","26854.437","0.036335718653876657","0","Y","US31","2","US19260Q1076","1","","COINBASE GLO (COIN US, Common Stock)","","2064.9268354570354","","","USD","466962.55457025394","466962.55457025394","466962.55457025394","466962.55457025394","0.0068237153763501205","466962.55457025394","466962.55457025394","","0.0068237153763501205","","","","","","","","","","","","","","","","Coinbase Global, Inc.","5493004G3J2SC154DU06","1","COINBASE GLOBAL INC","5493004G3J2SC154DU06","1","US","2","K6619","","","","","","","","","","","","","","","","","","","","","","","","","","","","","","","","","","","","","","","","","","","-0","-0","0.0032003225115082067","-0","-0","0","0","-0","-0","-0","-0","","LU","","1","","","","","969500PM0E65UZXZGK64","1","ODDO BHF AM SAS","K6630","9695002I9DJHZ3449O66","1","ODDO BHF SCA","LU","LU41","LU","0","","","","","","","3L","0","CACEIS Bank (Luxembourg)","0","","","","","","","","","","","","","","V7.0"
"LU1833933325","1","ODDO BHF Artificial Intelligence","USD","68432302.46511595","2025-12-31","2025-12-31","2548.268","26854.437","0.036335718653876657","0","Y","US31","2","AU0000185993","1","","IREN AU (IREN US, Common Stock)","","4382.8576630027655","","","USD","165540.53393161448","165540.53393161448","165540.53393161448","165540.53393161448","0.00241904083259511","165540.53393161448","165540.53393161448","","0.00241904083259511","","","","","","","","","","","","","","","","IREN Ltd.","254900FZF02RB3NNGB71","1","IREN LTD","254900FZF02RB3NNGB71","1","AU","2","J","","","","","","","","","","","","","","","","","","","","","","","","","","","","","","","","","","","","","","","","","","","-0","-0","0.0011345301504871064","-0","-0","0","0","-0","-0","-0","-0","","LU","","1","","","","","969500PM0E65UZXZGK64","1","ODDO BHF AM SAS","K6630","9695002I9DJHZ3449O66","1","ODDO BHF SCA","LU","LU41","LU","0","","","","","","","3L","0","CACEIS Bank (Luxembourg)","0","","","","","","","","","","","","","","V7.0"
"LU1833933325","1","ODDO BHF Artificial Intelligence","USD","68432302.46511595","2025-12-31","2025-12-31","2548.268","26854.437","0.036335718653876657","0","Y","US31","2","KYG254571055","1","","CREDO TECHNOLOGY (CRDO US, Common Stock)","","2891.3224517047584","","","USD","416032.38757579762","416032.38757579762","416032.38757579762","416032.38757579762","0.00607947376588526","416032.38757579762","416032.38757579762","","0.00607947376588526","","","","","","","","","","","","","","","","Credo Technology Group Holding","","9","CREDO TECHNOLOGY GROUP HOLDING","","9","KY","3","C","","","","","","","","","","","","","","","","","","","","","","","","","","","","","","","","","","","","","","","","","","","-0","-0","0.0028512731962001864","-0","-0","0","0","-0","-0","-0","-0","","LU","","1","","","","","969500PM0E65UZXZGK64","1","ODDO BHF AM SAS","K6630","9695002I9DJHZ3449O66","1","ODDO BHF SCA","LU","LU41","LU","0","","","","","","","3L","0","CACEIS Bank (Luxembourg)","0","","","","","","","","","","","","","","V7.0"
"LU1833933325","1","ODDO BHF Artificial Intelligence","USD","68432302.46511595","2025-12-31","2025-12-31","2548.268","26854.437","0.036335718653876657","0","Y","US31","2","US04626A1034","1","","ASTERA LABS (ALAB US, Common Stock)","","2060.2133000494528","","","USD","342737.084596227","342737.084596227","342737.084596227","342737.084596227","0.0050084108271958357","342737.084596227","342737.084596227","","0.0050084108271958357","","","","","","","","","","","","","","","","Astera Labs, Inc.","529900LJL8TUEGF7HG20","1","ASTERA LABS INC","529900LJL8TUEGF7HG20","1","US","2","C","","","","","","","","","","","","","","","","","","","","","","","","","","","","","","","","","","","","","","","","","","","-0","-0","0.0023489446779548467","-0","-0","0","0","-0","-0","-0","-0","","LU","","1","","","","","969500PM0E65UZXZGK64","1","ODDO BHF AM SAS","K6630","9695002I9DJHZ3449O66","1","ODDO BHF SCA","LU","LU41","LU","0","","","","","","","3L","0","CACEIS Bank (Luxembourg)","0","","","","","","","","","","","","","","V7.0"
"LU1833933325","1","ODDO BHF Artificial Intelligence","USD","68432302.46511595","2025-12-31","2025-12-31","2548.268","26854.437","0.036335718653876657","0","Y","US31","2","US36828A1016","1","","GE VERNOVA (GEV US, Common Stock)","","180.50848976362138","","","USD","117974.93365481004","117974.93365481004","117974.93365481004","117974.93365481004","0.0017239655748094833","117974.93365481004","117974.93365481004","","0.0017239655748094833","","","","","","","","","","","","","","","","GE Vernova, Inc.","254900DP080RU6OK2553","1","GE VERNOVA INC","254900DP080RU6OK2553","1","US","2","K6430","","","","","","","","","","","","","","","","","","","","","","","","","","","","","","","","","","","","","","","","","","","-0","-0","0.00080853985458564763","-0","-0","0","0","-0","-0","-0","-0","","LU","","1","","","","","969500PM0E65UZXZGK64","1","ODDO BHF AM SAS","K6630","9695002I9DJHZ3449O66","1","ODDO BHF SCA","LU","LU41","LU","0","","","","","","","3L","0","CACEIS Bank (Luxembourg)","0","","","","","","","","","","","","","","V7.0"
"LU1833933325","1","ODDO BHF Artificial Intelligence","USD","68432302.46511595","2025-12-31","2025-12-31","2548.268","26854.437","0.036335718653876657","0","Y","US31","2","US0079031078","1","","AMD (AMD US, Common Stock)","","3578.1708647589794","","","USD","766301.072396783","766301.072396783","766301.072396783","766301.072396783","0.0111979437311409","766301.072396783","766301.072396783","","0.0111979437311409","","","","","","","","","","","","","","","","Advanced Micro Devices, Inc.","R2I72C950HOYXII45366","1","ADVANCED MICRO DEVICES INC","R2I72C950HOYXII45366","1","US","2","C","","","","","","","","","","","","","","","","","","","","","","","","","","","","9","","","9","","","","","","","","","","","","-0","-0","0.0052518356099050811","-0","-0","0","0","-0","-0","-0","-0","","LU","","1","","","","","969500PM0E65UZXZGK64","1","ODDO BHF AM SAS","K6630","9695002I9DJHZ3449O66","1","ODDO BHF SCA","LU","LU41","LU","0","","","","","","","3L","0","CACEIS Bank (Luxembourg)","0","","","","","","","","","","","","","","V7.0"
"LU1833933325","1","ODDO BHF Artificial Intelligence","USD","68432302.46511595","2025-12-31","2025-12-31","2548.268","26854.437","0.036335718653876657","0","Y","US31","2","US1011371077","1","","BOSTON (BSX US, Common Stock)","","16256.850845107139","","","USD","1550090.7280809656","1550090.7280809656","1550090.7280809656","1550090.7280809656","0.022651447814007717","1550090.7280809656","1550090.7280809656","","0.022651447814007717","","","","","","","","","","","","","","","","Boston Scientific Corp.","Y6ZDD9FP4P8JSSJMW954","1","BOSTON SCIENTIFIC CORP","Y6ZDD9FP4P8JSSJMW954","1","US","2","C","","","","","","","","","","","","","","","","","","","","","","","","","","","","9","","","9","","","","","","","","","","","","-0","-0","0.010623529024769618","-0","-0","0","0","-0","-0","-0","-0","","LU","","1","","","","","969500PM0E65UZXZGK64","1","ODDO BHF AM SAS","K6630","9695002I9DJHZ3449O66","1","ODDO BHF SCA","LU","LU41","LU","0","","","","","","","3L","0","CACEIS Bank (Luxembourg)","0","","","","","","","","","","","","","","V7.0"
"LU1833933325","1","ODDO BHF Artificial Intelligence","USD","68432302.46511595","2025-12-31","2025-12-31","2548.268","26854.437","0.036335718653876657","0","Y","US31","2","US1273871087","1","","CADENCE DESIGN (CDNS US, Common Stock)","","4263.4923578924345","","","USD","1332682.441230017","1332682.441230017","1332682.441230017","1332682.441230017","0.019474464444760795","1332682.441230017","1332682.441230017","","0.019474464444760795","","","","","","","","","","","","","","","","Cadence Design Systems, Inc.","GCT7RXJOGLXPV0NXZY22","1","CADENCE DESIGN SYSTEMS INC","GCT7RXJOGLXPV0NXZY22","1","US","2","J","","","","","","","","","","","","","","","","","","","","","","","","","","","","9","","","9","","","","","","","","","","","","-0","-0","0.0091335238245928117","-0","-0","0","0","-0","-0","-0","-0","","LU","","1","","","","","969500PM0E65UZXZGK64","1","ODDO BHF AM SAS","K6630","9695002I9DJHZ3449O66","1","ODDO BHF SCA","LU","LU41","LU","0","","","","","","","3L","0","CACEIS Bank (Luxembourg)","0","","","","","","","","","","","","","","V7.0"
"LU1833933325","1","ODDO BHF Artificial Intelligence","USD","68432302.46511595","2025-12-31","2025-12-31","2548.268","26854.437","0.036335718653876657","0","Y","US31","2","US46625H1005","1","","JP MORGAN (JPM US, Common Stock)","","5379.3388808593145","","","USD","1733330.5741904886","1733330.5741904886","1733330.5741904886","1733330.5741904886","0.02532912837579988","1733330.5741904886","1733330.5741904886","","0.02532912837579988","","","","","","","0","","","","","","","","","JPMorgan Chase & Co.","8I5DZWZKVSZI1NUHU748","1","JPMORGAN CHASE & CO","8I5DZWZKVSZI1NUHU748","1","US","2","K6419","","","","","","","","","","","","","","","","","","","","","","","","","","","","9","","","9","","","","","","","","","","","","-0","-0","0.011879361208250143","-0","-0","0","0","-0","-0","-0","-0","","LU","","1","","","","","969500PM0E65UZXZGK64","1","ODDO BHF AM SAS","K6630","9695002I9DJHZ3449O66","1","ODDO BHF SCA","LU","LU41","LU","0","","","","","","","3L","0","CACEIS Bank (Luxembourg)","0","","","","","","","","","","","","","","V7.0"
"LU1833933325","1","ODDO BHF Artificial Intelligence","USD","68432302.46511595","2025-12-31","2025-12-31","2548.268","26854.437","0.036335718653876657","0","Y","US31","2","US2358511028","1","","DANAHER (DHR US, Common Stock)","","2311.4248209268135","","","USD","529131.37000656617","529131.37000656617","529131.37000656617","529131.37000656617","0.0077321871535200237","529131.37000656617","529131.37000656617","","0.0077321871535200237","","","","","","","","","","","","","","","","Danaher Corp.","S4BKK9OTCEWQ3YHPFM11","1","DANAHER CORP","S4BKK9OTCEWQ3YHPFM11","1","US","2","M","","","","","","","","","","","","","","","","","","","","","","","","","","","","9","","","9","","","","","","","","","","","","-0","-0","0.0036263957750008904","-0","-0","0","0","-0","-0","-0","-0","","LU","","1","","","","","969500PM0E65UZXZGK64","1","ODDO BHF AM SAS","K6630","9695002I9DJHZ3449O66","1","ODDO BHF SCA","LU","LU41","LU","0","","","","","","","3L","0","CACEIS Bank (Luxembourg)","0","","","","","","","","","","","","","","V7.0"
"LU1833933325","1","ODDO BHF Artificial Intelligence","USD","68432302.46511595","2025-12-31","2025-12-31","2548.268","26854.437","0.036335718653876657","0","Y","US31","2","IE00B8KQN827","1","","EATON CORP (ETN US, Common Stock)","","2247.0286329640649","","","USD","715701.08988538431","715701.08988538431","715701.08988538431","715701.08988538431","0.010458527100563657","715701.08988538431","715701.08988538431","","0.010458527100563657","","","","","","","0","","","","","","","","","Eaton Corp. Plc","549300VDIGTMXUNT7H71","1","EATON CORP PLC","549300VDIGTMXUNT7H71","1","IE","1","C","","","","","","","","","","","","","","","","","","","","","","","","","","","","9","","","9","","","","","","","","","","","","-0","-0","0.0049050492101643545","-0","-0","0","0","-0","-0","-0","-0","","LU","","1","","","","","969500PM0E65UZXZGK64","1","ODDO BHF AM SAS","K6630","9695002I9DJHZ3449O66","1","ODDO BHF SCA","LU","LU41","LU","0","","","","","","","3L","0","CACEIS Bank (Luxembourg)","0","","","","","","","","","","","","","","V7.0"
"LU1833933325","1","ODDO BHF Artificial Intelligence","USD","68432302.46511595","2025-12-31","2025-12-31","2548.268","26854.437","0.036335718653876657","0","Y","JP31","2","JP3788600009","1","","HITACHI (6501 JP, Common Stock)","","11139.876639329043","","","JPY","54607675.285990968","54607675.285990968","348385.43676666537","348385.43676666537","0.005090950095450293","54607675.285990968","348385.43676666543","","0.0050909500954502938","","","","","","","0","","","","","","","","","Hitachi Ltd.","549300T6IPOCDWLKC615","1","HITACHI LTD","549300T6IPOCDWLKC615","1","JP","2","C","","","","","","","","","","","","","","","","","","","","","","","","","","","","9","","","9","","","","","","","","","","","","-0","-0","0.0023876555947661879","-0","-0","0","0","-0","-0","-0.0012727375238625735","0.0012727375238625735","","LU","","1","","","","","969500PM0E65UZXZGK64","1","ODDO BHF AM SAS","K6630","9695002I9DJHZ3449O66","1","ODDO BHF SCA","LU","LU41","LU","0","","","","","","","3L","0","CACEIS Bank (Luxembourg)","0","","","","","","","","","","","","","","V7.0"
"LU1833933325","1","ODDO BHF Artificial Intelligence","USD","68432302.46511595","2025-12-31","2025-12-31","2548.268","26854.437","0.036335718653876657","0","Y","US31","2","US5324571083","1","","LILLY (LLY US, Common Stock)","","1139.1486487142256","","","USD","1224220.2698002041","1224220.2698002041","1224220.2698002041","1224220.2698002041","0.017889508692539795","1224220.2698002041","1224220.2698002041","","0.017889508692539795","","","","","","","0","","","","","","","","","Eli Lilly & Co.","FRDRIPF3EKNDJ2CQJL29","1","LILLY ELI & CO","FRDRIPF3EKNDJ2CQJL29","1","US","2","C","","","","","","","","","","","","","","","","","","","","","","","","","","","","9","","","9","","","","","","","","","","","","-0","-0","0.00839017957680116","-0","-0","0","0","-0","-0","-0","-0","","LU","","1","","","","","969500PM0E65UZXZGK64","1","ODDO BHF AM SAS","K6630","9695002I9DJHZ3449O66","1","ODDO BHF SCA","LU","LU41","LU","0","","","","","","","3L","0","CACEIS Bank (Luxembourg)","0","","","","","","","","","","","","","","V7.0"
"LU1833933325","1","ODDO BHF Artificial Intelligence","USD","68432302.46511595","2025-12-31","2025-12-31","2548.268","26854.437","0.036335718653876657","0","Y","US31","2","US58933Y1055","1","","MERCK & CO (MRK US, Common Stock)","","3508.1980996943025","","","USD","369272.9319738223","369272.9319738223","369272.9319738223","369272.9319738223","0.005396178685673522","369272.9319738223","369272.9319738223","","0.005396178685673522","","","","","","","","","","","","","","","","Merck & Co., Inc.","4YV9Y5M8S0BRK1RP0397","1","MERCK & CO INC","4YV9Y5M8S0BRK1RP0397","1","US","2","C","","","","","","","","","","","","","","","","","","","","","","","","","","","","9","","","9","","","","","","","","","","","","-0","-0","0.0025308078035808815","-0","-0","0","0","-0","-0","-0","-0","","LU","","1","","","","","969500PM0E65UZXZGK64","1","ODDO BHF AM SAS","K6630","9695002I9DJHZ3449O66","1","ODDO BHF SCA","LU","LU41","LU","0","","","","","","","3L","0","CACEIS Bank (Luxembourg)","0","","","","","","","","","","","","","","V7.0"
"LU1833933325","1","ODDO BHF Artificial Intelligence","USD","68432302.46511595","2025-12-31","2025-12-31","2548.268","26854.437","0.036335718653876657","0","Y","US31","2","US0605051046","1","","BOFAML (BAC US, Common Stock)","","9831.4390428776951","","","USD","540729.14735827327","540729.14735827327","540729.14735827327","540729.14735827327","0.0079016652644986682","540729.14735827327","540729.14735827327","","0.0079016652644986682","","","","","","","0","","","","","","","","","Bank of America Corp.","9DJT3UXIJIZJI4WXO774","1","BANK OF AMERICA CORP","9DJT3UXIJIZJI4WXO774","1","US","2","K6419","","","","","","","","","","","","","","","","","","","","","","","","","","","","9","","","9","","","","","","","","","","","","-0","-0","0.0037058810090498748","-0","-0","0","0","-0","-0","-0","-0","","LU","","1","","","","","969500PM0E65UZXZGK64","1","ODDO BHF AM SAS","K6630","9695002I9DJHZ3449O66","1","ODDO BHF SCA","LU","LU41","LU","0","","","","","","","3L","0","CACEIS Bank (Luxembourg)","0","","","","","","","","","","","","","","V7.0"
"LU1833933325","1","ODDO BHF Artificial Intelligence","USD","68432302.46511595","2025-12-31","2025-12-31","2548.268","26854.437","0.036335718653876657","0","Y","US31","2","US1729674242","1","","CITIGROUP (C US, Common Stock)","","2425.1471611125739","","","USD","282990.42223022622","282990.42223022622","282990.42223022622","282990.42223022622","0.0041353339290970577","282990.42223022622","282990.42223022622","","0.0041353339290970577","","","","","","","","","","","","","","","","Citigroup, Inc.","6SHGI4ZSSLCXXQSBB395","1","CITIGROUP INC","6SHGI4ZSSLCXXQSBB395","1","US","2","K6419","","","","","","","","","","","","","","","","","","","","","","","","","","","","9","","","9","","","","","","","","","","","","-0","-0","0.0019394716127465203","-0","-0","0","0","-0","-0","-0","-0","","LU","","1","","","","","969500PM0E65UZXZGK64","1","ODDO BHF AM SAS","K6630","9695002I9DJHZ3449O66","1","ODDO BHF SCA","LU","LU41","LU","0","","","","","","","3L","0","CACEIS Bank (Luxembourg)","0","","","","","","","","","","","","","","V7.0"
"LU1833933325","1","ODDO BHF Artificial Intelligence","USD","68432302.46511595","2025-12-31","2025-12-31","2548.268","26854.437","0.036335718653876657","0","Y","US31","2","US7433151039","1","","PROGRESSIVE (PGR US, Common Stock)","","1353.1829889120613","","","USD","308146.8302350546","308146.8302350546","308146.8302350546","308146.8302350546","0.004502944064933889","308146.8302350546","308146.8302350546","","0.004502944064933889","","","","","","","","","","","","","","","","Progressive Corp.","529900TACNVLY9DCR586","1","PROGRESSIVE CORP","529900TACNVLY9DCR586","1","US","2","K6512","","","","","","","","","","","","","","","","","","","","","","","","","","","","9","","","9","","","","","","","","","","","","-0","-0","0.0021118807664539936","-0","-0","0","0","-0","-0","-0","-0","","LU","","1","","","","","969500PM0E65UZXZGK64","1","ODDO BHF AM SAS","K6630","9695002I9DJHZ3449O66","1","ODDO BHF SCA","LU","LU41","LU","0","","","","","","","3L","0","CACEIS Bank (Luxembourg)","0","","","","","","","","","","","","","","V7.0"
"LU1833933325","1","ODDO BHF Artificial Intelligence","USD","68432302.46511595","2025-12-31","2025-12-31","2548.268","26854.437","0.036335718653876657","0","Y","US31","2","US00206R1023","1","","AT&T (T US, Common Stock)","","31764.780662989779","","","USD","789037.151668666","789037.151668666","789037.151668666","789037.151668666","0.011530185646915587","789037.151668666","789037.151668666","","0.011530185646915587","","","","","","","","","","","","","","","","AT&T, Inc.","549300Z40J86GGSTL398","1","AT&T INC","549300Z40J86GGSTL398","1","US","2","J","","","","","","","","","","","","","","","","","","","","","","","","","","","","9","","","9","","","","","","","","","","","","-0","-0","0.00540765706840341","-0","-0","0","0","-0","-0","-0","-0","","LU","","1","","","","","969500PM0E65UZXZGK64","1","ODDO BHF AM SAS","K6630","9695002I9DJHZ3449O66","1","ODDO BHF SCA","LU","LU41","LU","0","","","","","","","3L","0","CACEIS Bank (Luxembourg)","0","","","","","","","","","","","","","","V7.0"
"LU1833933325","1","ODDO BHF Artificial Intelligence","USD","68432302.46511595","2025-12-31","2025-12-31","2548.268","26854.437","0.036335718653876657","0","Y","US31","2","US8835561023","1","","THERMO FISHER (TMO US, Common Stock)","","1967.8678387544189","","","USD","1140281.0191662482","1140281.0191662482","1140281.0191662482","1140281.0191662482","0.01666290593901203","1140281.0191662482","1140281.0191662482","","0.01666290593901203","","","","","","","","","","","","","","","","Thermo Fisher Scientific, Inc.","HCHV7422L5HDJZCRFL38","1","THERMO FISHER SCIENTIFIC INC","HCHV7422L5HDJZCRFL38","1","US","2","M","","","","","","","","","","","","","","","","","","","","","","","","","","","","9","","","9","","","","","","","","","","","","-0","-0","0.0078149028853966417","-0","-0","0","0","-0","-0","-0","-0","","LU","","1","","","","","969500PM0E65UZXZGK64","1","ODDO BHF AM SAS","K6630","9695002I9DJHZ3449O66","1","ODDO BHF SCA","LU","LU41","LU","0","","","","","","","3L","0","CACEIS Bank (Luxembourg)","0","","","","","","","","","","","","","","V7.0"
"LU1833933325","1","ODDO BHF Artificial Intelligence","USD","68432302.46511595","2025-12-31","2025-12-31","2548.268","26854.437","0.036335718653876657","0","Y","US31","2","US0378331005","1","","APPLE (AAPL US, Common Stock)","","10282.544297730145","","","USD","2795412.4927809173","2795412.4927809173","2795412.4927809173","2795412.4927809173","0.040849312270413621","2795412.4927809173","2795412.4927809173","","0.040849312270413621","","","","","","","0","","","","","","","","","Apple, Inc.","HWUPKR0MPOU8FGXBT394","1","APPLE INC","HWUPKR0MPOU8FGXBT394","1","US","2","C","","","","","","","","","","","","","","","","","","","","","","","","","","","","9","","","9","","","","","","","","","","","","-0","-0","0.01915832745482399","-0","-0","0","0","-0","-0","-0","-0","","LU","","1","","","","","969500PM0E65UZXZGK64","1","ODDO BHF AM SAS","K6630","9695002I9DJHZ3449O66","1","ODDO BHF SCA","LU","LU41","LU","0","","","","","","","3L","0","CACEIS Bank (Luxembourg)","0","","","","","","","","","","","","","","V7.0"
"LU1833933325","1","ODDO BHF Artificial Intelligence","USD","68432302.46511595","2025-12-31","2025-12-31","2548.268","26854.437","0.036335718653876657","0","Y","US31","2","US17275R1023","1","","CISCO SYSTEMS (CSCO US, Common Stock)","","23776.997842703306","","","USD","1831542.1438234358","1831542.1438234358","1831542.1438234358","1831542.1438234358","0.026764292269094447","1831542.1438234358","1831542.1438234358","","0.026764292269094447","","","","","","","","","","","","","","","","Cisco Systems, Inc.","549300LKFJ962MZ46593","1","CISCO SYSTEMS INC","549300LKFJ962MZ46593","1","US","2","C","","","","","","","","","","","","","","","","","","","","","","","","","","","","9","","","9","","","","","","","","","","","","-0","-0","0.012552453074205295","-0","-0","0","0","-0","-0","-0","-0","","LU","","1","","","","","969500PM0E65UZXZGK64","1","ODDO BHF AM SAS","K6630","9695002I9DJHZ3449O66","1","ODDO BHF SCA","LU","LU41","LU","0","","","","","","","3L","0","CACEIS Bank (Luxembourg)","0","","","","","","","","","","","","","","V7.0"
"LU1833933325","1","ODDO BHF Artificial Intelligence","USD","68432302.46511595","2025-12-31","2025-12-31","2548.268","26854.437","0.036335718653876657","0","Y","US31","2","US5949181045","1","","MICROSOFT (MSFT US, Common Stock)","","8041.0258540453651","","","USD","3888800.9235334196","3888800.9235334196","3888800.9235334196","3888800.9235334196","0.056826977661839959","3888800.9235334196","3888800.9235334196","","0.056826977661839959","","","","","","","0","","","","","","","","","Microsoft Corp.","INR2EJN1ERAN0W5ZP974","1","MICROSOFT CORP","INR2EJN1ERAN0W5ZP974","1","US","2","J","","","","","","","","","","","","","","","","","","","","","","","","","","","","9","","","9","","","","","","","","","","","","-0","-0","0.026651852523402936","-0","-0","0","0","-0","-0","-0","-0","","LU","","1","","","","","969500PM0E65UZXZGK64","1","ODDO BHF AM SAS","K6630","9695002I9DJHZ3449O66","1","ODDO BHF SCA","LU","LU41","LU","0","","","","","","","3L","0","CACEIS Bank (Luxembourg)","0","","","","","","","","","","","","","","V7.0"
"LU1833933325","1","ODDO BHF Artificial Intelligence","USD","68432302.46511595","2025-12-31","2025-12-31","2548.268","26854.437","0.036335718653876657","0","Y","US31","2","US68389X1054","1","","ORACLE (ORCL US, Common Stock)","","1405.297429686038","","","USD","273906.52202010568","273906.52202010568","273906.52202010568","273906.52202010568","0.0040025910593864972","273906.52202010568","273906.52202010568","","0.0040025910593864972","","","","","","","0","","","","","","","","","Oracle Corp.","1Z4GXXU7ZHVWFCD8TV52","1","ORACLE CORP","1Z4GXXU7ZHVWFCD8TV52","1","US","2","J","","","","","","","","","","","","","","","","","","","","","","","","","","","","9","","","9","","","","","","","","","","","","-0","-0","0.0018772152068522669","-0","-0","0","0","-0","-0","-0","-0","","LU","","1","","","","","969500PM0E65UZXZGK64","1","ODDO BHF AM SAS","K6630","9695002I9DJHZ3449O66","1","ODDO BHF SCA","LU","LU41","LU","0","","","","","","","3L","0","CACEIS Bank (Luxembourg)","0","","","","","","","","","","","","","","V7.0"
"LU1833933325","1","ODDO BHF Artificial Intelligence","USD","68432302.46511595","2025-12-31","2025-12-31","2548.268","26854.437","0.036335718653876657","0","Y","US31","2","US0382221051","1","","APPLIED (AMAT US, Common Stock)","","1177.4544223786645","","","USD","302594.012007093","302594.012007093","302594.012007093","302594.012007093","0.0044218008324554518","302594.012007093","302594.012007093","","0.0044218008324554518","","","","","","","0","","","","","","","","","Applied Materials, Inc.","41BNNE1AFPNAZELZ6K07","1","APPLIED MATERIALS INC","41BNNE1AFPNAZELZ6K07","1","US","2","C","","","","","","","","","","","","","","","","","","","","","","","","","","","","9","","","9","","","","","","","","","","","","-0","-0","0.0020738245904216072","-0","-0","0","0","-0","-0","-0","-0","","LU","","1","","","","","969500PM0E65UZXZGK64","1","ODDO BHF AM SAS","K6630","9695002I9DJHZ3449O66","1","ODDO BHF SCA","LU","LU41","LU","0","","","","","","","3L","0","CACEIS Bank (Luxembourg)","0","","","","","","","","","","","","","","V7.0"
"LU1833933325","1","ODDO BHF Artificial Intelligence","USD","68432302.46511595","2025-12-31","2025-12-31","2548.268","26854.437","0.036335718653876657","0","Y","NL31","1","NL0000334118","1","","ASM INTL (ASM NA, Common Stock)","","1399.6544647614674","","","EUR","724461.15096053551","724461.15096053551","850843.398745601","850843.398745601","0.012433359219198081","724461.15096053551","850843.398745601","","0.012433359219198081","","","","","","","","","","","","","","","","ASM INTERNATIONAL NV","7245001I22ND6ZFHX623","1","ASM INTERNATIONAL NV","7245001I22ND6ZFHX623","1","NL","1","C","","","","","","","","","","","","","","","","","","","","","","","","","","","","9","","","9","","","","","","","","","","","","-0","-0","0.0058312454738038977","-0","-0","0","0","-0","-0","-0.0031083398047995229","0.0031083398047995182","","LU","","1","","","","","969500PM0E65UZXZGK64","1","ODDO BHF AM SAS","K6630","9695002I9DJHZ3449O66","1","ODDO BHF SCA","LU","LU41","LU","0","","","","","","","3L","0","CACEIS Bank (Luxembourg)","0","","","","","","","","","","","","","","V7.0"
"LU1833933325","1","ODDO BHF Artificial Intelligence","USD","68432302.46511595","2025-12-31","2025-12-31","2548.268","26854.437","0.036335718653876657","0","Y","US31","2","US19247G1076","1","","COHERENT PA (COHR US, Common Stock)","","2178.5163999975121","","","USD","402088.77194754081","402088.77194754081","402088.77194754081","402088.77194754081","0.0058757159625384458","402088.77194754081","402088.77194754081","","0.0058757159625384458","","","","","","","","","","","","","","","","II-VI, Inc.","549300O5C25A0MMHHU33","1","II VI INC","549300O5C25A0MMHHU33","1","US","2","C","","","","","","","","","","","","","","","","","","","","","","","","","","","","9","","","9","","","","","","","","","","","","-0","-0","0.0027557107864305307","-0","-0","0","0","-0","-0","-0","-0","","LU","","1","","","","","969500PM0E65UZXZGK64","1","ODDO BHF AM SAS","K6630","9695002I9DJHZ3449O66","1","ODDO BHF SCA","LU","LU41","LU","0","","","","","","","3L","0","CACEIS Bank (Luxembourg)","0","","","","","","","","","","","","","","V7.0"
"LU1833933325","1","ODDO BHF Artificial Intelligence","USD","68432302.46511595","2025-12-31","2025-12-31","2548.268","26854.437","0.036335718653876657","0","Y","US31","2","US5128073062","1","","LAM RESEARCH (LRCX US, Common Stock)","","1950.3414535769286","","","USD","333859.45002329868","333859.45002329868","333859.45002329868","333859.45002329868","0.004878682113516301","333859.45002329868","333859.45002329868","","0.004878682113516301","","","","","","","0","","","","","","","","","Lam Research Corp.","549300I4GMO6D34U1T02","1","LAM RESEARCH CORP","549300I4GMO6D34U1T02","1","US","2","C","","","","","","","","","","","","","","","","","","","","","","","","","","","","9","","","9","","","","","","","","","","","","-0","-0","0.0022881019112391452","-0","-0","0","0","-0","-0","-0","-0","","LU","","1","","","","","969500PM0E65UZXZGK64","1","ODDO BHF AM SAS","K6630","9695002I9DJHZ3449O66","1","ODDO BHF SCA","LU","LU41","LU","0","","","","","","","3L","0","CACEIS Bank (Luxembourg)","0","","","","","","","","","","","","","","V7.0"
"LU1833933325","1","ODDO BHF Artificial Intelligence","USD","68432302.46511595","2025-12-31","2025-12-31","2548.268","26854.437","0.036335718653876657","0","Y","US31","2","US92532F1003","1","","VERTEX PHARMS (VRTX US, Common Stock)","","2421.9605456257577","","","USD","1098020.0329648936","1098020.0329648936","1098020.0329648936","1098020.0329648936","0.016045346910906883","1098020.0329648936","1098020.0329648936","","0.016045346910906883","","","","","","","","","","","","","","","","Vertex Pharmaceuticals, Inc.","54930015RAQRRZ5ZGJ91","1","VERTEX PHARMACEUTICALS INC","54930015RAQRRZ5ZGJ91","1","US","2","M","","","","","","","","","","","","","","","","","","","","","","","","","","","","9","","","9","","","","","","","","","","","","-0","-0","0.0075252677012153267","-0","-0","0","0","-0","-0","-0","-0","","LU","","1","","","","","969500PM0E65UZXZGK64","1","ODDO BHF AM SAS","K6630","9695002I9DJHZ3449O66","1","ODDO BHF SCA","LU","LU41","LU","0","","","","","","","3L","0","CACEIS Bank (Luxembourg)","0","","","","","","","","","","","","","","V7.0"
"LU1833933325","1","ODDO BHF Artificial Intelligence","USD","68432302.46511595","2025-12-31","2025-12-31","2548.268","26854.437","0.036335718653876657","0","Y","JP31","2","JP3236200006","1","","KEYENCE (6861 JP, Common Stock)","","2954.2581075693824","","","JPY","167447349.5370326","167447349.5370326","1068278.7300203044","1068278.7300203044","0.015610737788120898","167447349.5370326","1068278.7300203044","","0.015610737788120898","","","","","","","","","","","","","","","","KEYENCE Corp.","529900M7PQBS7A89DZ11","1","KEYENCE CORP","529900M7PQBS7A89DZ11","1","JP","2","C","","","","","","","","","","","","","","","","","","","","","","","","","","","","9","","","9","","","","","","","","","","","","-0","-0","0.0073214360226287","-0","-0","0","0","-0","-0","-0.0039026844470302227","0.0039026844470302227","","LU","","1","","","","","969500PM0E65UZXZGK64","1","ODDO BHF AM SAS","K6630","9695002I9DJHZ3449O66","1","ODDO BHF SCA","LU","LU41","LU","0","","","","","","","3L","0","CACEIS Bank (Luxembourg)","0","","","","","","","","","","","","","","V7.0"
"LU1833933325","1","ODDO BHF Artificial Intelligence","USD","68432302.46511595","2025-12-31","2025-12-31","2548.268","26854.437","0.036335718653876657","0","Y","JP31","2","JP3571400005","1","","TOKYO ELECTRON (8035 JP, Common Stock)","","1726.0833886922235","","","JPY","59239181.899917111","59239181.899917111","377933.47092358361","377933.47092358361","0.0055227349849325761","59239181.899917111","377933.47092358361","","0.0055227349849325761","","","","","","","","","","","","","","","","Tokyo Electron Ltd.","549300H5LSF8DP3RIJ34","1","TOKYO ELECTRON LTD","549300H5LSF8DP3RIJ34","1","JP","2","C","","","","","","","","","","","","","","","","","","","","","","","","","","","","9","","","9","","","","","","","","","","","","-0","-0","0.0025901627079333773","-0","-0","0","0","-0","-0","-0.001380683746233144","0.0013806837462331434","","LU","","1","","","","","969500PM0E65UZXZGK64","1","ODDO BHF AM SAS","K6630","9695002I9DJHZ3449O66","1","ODDO BHF SCA","LU","LU41","LU","0","","","","","","","3L","0","CACEIS Bank (Luxembourg)","0","","","","","","","","","","","","","","V7.0"
"LU1833933325","1","ODDO BHF Artificial Intelligence","USD","68432302.46511595","2025-12-31","2025-12-31","2548.268","26854.437","0.036335718653876657","0","Y","FR31","1","FR0000121972","1","","SCHNEIDER (SU FP, Common Stock)","","3370.7089190027027","","","EUR","791779.52507373493","791779.52507373493","929905.4632228479","929905.4632228479","0.013588691739502357","791779.52507373493","929905.463222848","","0.013588691739502359","","","","","","","0","","","","","","","","","SCHNEIDER ELECTRIC SE","969500A1YF1XUYYXS284","1","SCHNEIDER ELECTRIC SE","969500A1YF1XUYYXS284","1","FR","1","C","","","","","","","","","","","","","","","","","","","","","","","","","","","","9","","","9","","","","","","","","","","","","-0","-0","0.0063730964258266057","-0","-0","0","0","-0","-0","-0.0033971729348755888","0.0033971729348755888","","LU","","1","","","","","969500PM0E65UZXZGK64","1","ODDO BHF AM SAS","K6630","9695002I9DJHZ3449O66","1","ODDO BHF SCA","LU","LU41","LU","0","","","","","","","3L","0","CACEIS Bank (Luxembourg)","0","","","","","","","","","","","","","","V7.0"
"LU1833933325","1","ODDO BHF Artificial Intelligence","USD","68432302.46511595","2025-12-31","2025-12-31","2548.268","26854.437","0.036335718653876657","0","Y","US31","2","CH0044328745","1","","CHUBB LTD CH (CB US, Common Stock)","","1118.7675871631288","","","USD","349189.73930535576","349189.73930535576","349189.73930535576","349189.73930535576","0.0051027033539220567","349189.73930535576","349189.73930535576","","0.0051027033539220567","","","","","","","","","","","","","","","","Chubb Ltd.","E0JAN6VLUDI1HITHT809","1","CHUBB LTD","E0JAN6VLUDI1HITHT809","1","CH","2","K6511","","","","","","","","","","","","","","","","","","","","","","","","","","","","9","","","9","","","","","","","","","","","","-0","-0","0.0023931678729894445","-0","-0","0","0","-0","-0","-0","-0","","LU","","1","","","","","969500PM0E65UZXZGK64","1","ODDO BHF AM SAS","K6630","9695002I9DJHZ3449O66","1","ODDO BHF SCA","LU","LU41","LU","0","","","","","","","3L","0","CACEIS Bank (Luxembourg)","0","","","","","","","","","","","","","","V7.0"
"LU1833933325","1","ODDO BHF Artificial Intelligence","USD","68432302.46511595","2025-12-31","2025-12-31","2548.268","26854.437","0.036335718653876657","0","Y","KR31","3","KR7005930003","1","","SAMSUNG ELEC (005930 KS, Common Stock)","","4072.2954286834492","","","KRW","488268221.89914554","488268221.89914554","338945.69567119889","338945.69567119889","0.0049530073293088429","488268221.89914554","338945.69567119889","","0.0049530073293088429","","","","","","","","","","","","","","","","Samsung Electronics Co., Ltd.","9884007ER46L6N7EI764","1","SAMSUNG ELECTRONICS CO LTD","9884007ER46L6N7EI764","1","KR","3","C","","","","","","","","","","","","","","","","","","","","","","","","","","","","9","","","9","","","","","","","","","","","","-0","-0","0.0023229604374458471","-0","-0","0","0","-0","-0","-0.0012382518323272123","0.001238251832327211","","LU","","1","","","","","969500PM0E65UZXZGK64","1","ODDO BHF AM SAS","K6630","9695002I9DJHZ3449O66","1","ODDO BHF SCA","LU","LU41","LU","0","","","","","","","3L","0","CACEIS Bank (Luxembourg)","0","","","","","","","","","","","","","","V7.0"
"LU1833933325","1","ODDO BHF Artificial Intelligence","USD","68432302.46511595","2025-12-31","2025-12-31","2548.268","26854.437","0.036335718653876657","0","Y","DE31","1","DE0007164600","1","","SAP SE (SAP GR, Common Stock)","","3111.9291863441531","","","EUR","648370.44597480423","648370.44597480423","761478.67027510889","761478.67027510889","0.011127474056031948","648370.44597480423","761478.67027510877","","0.011127474056031946","","","","","","","","","","","","","","","","SAP SE","529900D6BF99LW9R2E68","1","SAP SE","529900D6BF99LW9R2E68","1","DE","1","J","","","","","","","","","","","","","","","","","","","","","","","","","","","","9","","","9","","","","","","","","","","","","-0","-0","0.0052187853322789831","-0","-0","0","0","-0","-0","-0.0027818685140079875","0.0027818685140079862","","LU","","1","","","","","969500PM0E65UZXZGK64","1","ODDO BHF AM SAS","K6630","9695002I9DJHZ3449O66","1","ODDO BHF SCA","LU","LU41","LU","0","","","","","","","3L","0","CACEIS Bank (Luxembourg)","0","","","","","","","","","","","","","","V7.0"
"LU1833933325","1","ODDO BHF Artificial Intelligence","USD","68432302.46511595","2025-12-31","2025-12-31","2548.268","26854.437","0.036335718653876657","0","Y","JP31","2","JP3436100006","1","","SOFTBANK GROUP (9984 JP, Common Stock)","","14658.4312393555","","","JPY","64497097.4531642","64497097.4531642","411477.86183396087","411477.86183396087","0.0060129185634768875","64497097.4531642","411477.86183396087","","0.0060129185634768875","","","","","","","","","","","","","","","","SoftBank Group Corp.","5493003BZYYYCDIO0R13","1","SOFTBANK GROUP CORP","5493003BZYYYCDIO0R13","1","JP","2","J","","","","","","","","","","","","","","","","","","","","","","","","","","","","9","","","9","","","","","","","","","","","","-0","-0","0.00282005880627066","-0","-0","0","0","-0","-0","-0.0015032296408692212","0.0015032296408692212","","LU","","1","","","","","969500PM0E65UZXZGK64","1","ODDO BHF AM SAS","K6630","9695002I9DJHZ3449O66","1","ODDO BHF SCA","LU","LU41","LU","0","","","","","","","3L","0","CACEIS Bank (Luxembourg)","0","","","","","","","","","","","","","","V7.0"
"LU1833933325","1","ODDO BHF Artificial Intelligence","USD","68432302.46511595","2025-12-31","2025-12-31","2548.268","26854.437","0.036335718653876657","0","Y","NL31","1","NL0010273215","1","","ASML HOLDING (ASML NA, Common Stock)","","964.880614278953","","","EUR","889040.99799662724","889040.99799662724","1044134.200097139","1044134.200097139","0.015257914208416367","889040.99799662724","1044134.2000971389","","0.015257914208416365","","","","","","","","","","","","","","","","ASML HOLDING NV","724500Y6DUVHQD6OXN27","1","ASML HOLDING NV","724500Y6DUVHQD6OXN27","1","NL","1","C","","","","","","","","","","","","","","","","","","","","","","","","","","","","9","","","9","","","","","","","","","","","","-0","-0","0.0071559617637472752","-0","-0","0","0","-0","-0","-0.00381447855210409","0.0038144785521040912","","LU","","1","","","","","969500PM0E65UZXZGK64","1","ODDO BHF AM SAS","K6630","9695002I9DJHZ3449O66","1","ODDO BHF SCA","LU","LU41","LU","0","","","","","","","3L","0","CACEIS Bank (Luxembourg)","0","","","","","","","","","","","","","","V7.0"
"LU1833933325","1","ODDO BHF Artificial Intelligence","USD","68432302.46511595","2025-12-31","2025-12-31","2548.268","26854.437","0.036335718653876657","0","Y","KR31","3","KR7000660001","1","","SK HYNIX (000660 KS, Common Stock)","","1414.5917248559192","","","KRW","920899212.88120341","920899212.88120341","639269.176967966","639269.176967966","0.00934162893750126","920899212.88120341","639269.176967966","","0.00934162893750126","","","","","","","","","","","","","","","","SK hynix, Inc.","988400XAIK6XISWQV045","1","SK HYNIX INC","988400XAIK6XISWQV045","1","KR","3","C","","","","","","","","","","","","","","","","","","","","","","","","","","","","9","","","9","","","","","","","","","","","","-0","-0","0.0043812239716880912","-0","-0","0","0","-0","-0","-0.0023354072343753172","0.0023354072343753159","","LU","","1","","","","","969500PM0E65UZXZGK64","1","ODDO BHF AM SAS","K6630","9695002I9DJHZ3449O66","1","ODDO BHF SCA","LU","LU41","LU","0","","","","","","","3L","0","CACEIS Bank (Luxembourg)","0","","","","","","","","","","","","","","V7.0"
"LU1833933325","1","ODDO BHF Artificial Intelligence","USD","68432302.46511595","2025-12-31","2025-12-31","2548.268","26854.437","0.036335718653876657","0","Y","US31","2","US0231351067","1","","AMAZON.COM (AMZN US, Common Stock)","","15376.880255987315","","","USD","3549291.500686992","3549291.500686992","3549291.500686992","3549291.500686992","0.0518657325975007","3549291.500686992","3549291.500686992","","0.0518657325975007","","","","","","","","","","","","","","","","Amazon.com, Inc.","ZXTILKJKG63JELOEG630","1","AMAZON COM INC","ZXTILKJKG63JELOEG630","1","US","2","G","","","","","","","","","","","","","","","","","","","","","","","","","","","","9","","","9","","","","","","","","","","","","-0","-0","0.024325028588227826","-0","-0","0","0","-0","-0","-0","-0","","LU","","1","","","","","969500PM0E65UZXZGK64","1","ODDO BHF AM SAS","K6630","9695002I9DJHZ3449O66","1","ODDO BHF SCA","LU","LU41","LU","0","","","","","","","3L","0","CACEIS Bank (Luxembourg)","0","","","","","","","","","","","","","","V7.0"
"LU1833933325","1","ODDO BHF Artificial Intelligence","USD","68432302.46511595","2025-12-31","2025-12-31","2548.268","26854.437","0.036335718653876657","0","Y","US31","2","US74762E1029","1","","QUANTA SERVICES (PWR US, Common Stock)","","1546.3051649776642","","","USD","652633.55793047289","652633.55793047289","652633.55793047289","652633.55793047289","0.0095369223951387479","652633.55793047289","652633.55793047289","","0.0095369223951387479","","","","","","","","","","","","","","","","Quanta Services, Inc.","SHVRXXEACT60MMH07S24","1","QUANTA SERVICES INC","SHVRXXEACT60MMH07S24","1","US","2","S","","","","","","","","","","","","","","","","","","","","","","","","","","","","9","","","9","","","","","","","","","","","","-0","-0","0.0044728166033200737","-0","-0","0","0","-0","-0","-0","-0","","LU","","1","","","","","969500PM0E65UZXZGK64","1","ODDO BHF AM SAS","K6630","9695002I9DJHZ3449O66","1","ODDO BHF SCA","LU","LU41","LU","0","","","","","","","3L","0","CACEIS Bank (Luxembourg)","0","","","","","","","","","","","","","","V7.0"
"LU1833933325","1","ODDO BHF Artificial Intelligence","USD","68432302.46511595","2025-12-31","2025-12-31","2548.268","26854.437","0.036335718653876657","0","Y","US31","2","US67066G1040","1","","NVIDIA (NVDA US, Common Stock)","","22579.759849177324","","","USD","4211125.2118715709","4211125.2118715709","4211125.2118715709","4211125.2118715709","0.061537096665982179","4211125.2118715709","4211125.2118715709","","0.061537096665982179","","","","","","","","","","","","","","","","NVIDIA Corp.","549300S4KLFTLO7GSQ80","1","NVIDIA CORP","549300S4KLFTLO7GSQ80","1","US","2","C","","","","","","","","","","","","","","","","","","","","","","","","","","","","9","","","9","","","","","","","","","","","","-0","-0","0.028860898336345642","-0","-0","0","0","-0","-0","-0","-0","","LU","","1","","","","","969500PM0E65UZXZGK64","1","ODDO BHF AM SAS","K6630","9695002I9DJHZ3449O66","1","ODDO BHF SCA","LU","LU41","LU","0","","","","","","","3L","0","CACEIS Bank (Luxembourg)","0","","","","","","","","","","","","","","V7.0"
"LU1833933325","1","ODDO BHF Artificial Intelligence","USD","68432302.46511595","2025-12-31","2025-12-31","2548.268","26854.437","0.036335718653876657","0","Y","US31","2","US46120E6023","1","","INTUITIVE (ISRG US, Common Stock)","","1202.1506924014916","","","USD","680850.06614850881","680850.06614850881","680850.06614850881","680850.06614850881","0.00994924972012419","680850.06614850881","680850.06614850881","","0.00994924972012419","","","","","","","","","","","","","","","","Intuitive Surgical, Inc.","54930052SRG011710797","1","INTUITIVE SURGICAL INC","54930052SRG011710797","1","US","2","C","","","","","","","","","","","","","","","","","","","","","","","","","","","","9","","","9","","","","","","","","","","","","-0","-0","0.0046661981187382457","-0","-0","0","0","-0","-0","-0","-0","","LU","","1","","","","","969500PM0E65UZXZGK64","1","ODDO BHF AM SAS","K6630","9695002I9DJHZ3449O66","1","ODDO BHF SCA","LU","LU41","LU","0","","","","","","","3L","0","CACEIS Bank (Luxembourg)","0","","","","","","","","","","","","","","V7.0"
"LU1833933325","1","ODDO BHF Artificial Intelligence","USD","68432302.46511595","2025-12-31","2025-12-31","2548.268","26854.437","0.036335718653876657","0","Y","US31","2","US64110L1061","1","","NETFLIX (NFLX US, Common Stock)","","3442.9388700372078","","","USD","322809.94845468865","322809.94845468865","322809.94845468865","322809.94845468865","0.00471721594665391","322809.94845468865","322809.94845468865","","0.00471721594665391","","","","","","","","","","","","","","","","Netflix, Inc.","549300Y7VHGU0I7CE873","1","NETFLIX INC","549300Y7VHGU0I7CE873","1","US","2","J","","","","","","","","","","","","","","","","","","","","","","","","","","","","9","","","9","","","","","","","","","","","","-0","-0","0.0022123742789806832","-0","-0","0","0","-0","-0","-0","-0","","LU","","1","","","","","969500PM0E65UZXZGK64","1","ODDO BHF AM SAS","K6630","9695002I9DJHZ3449O66","1","ODDO BHF SCA","LU","LU41","LU","0","","","","","","","3L","0","CACEIS Bank (Luxembourg)","0","","","","","","","","","","","","","","V7.0"
"LU1833933325","1","ODDO BHF Artificial Intelligence","USD","68432302.46511595","2025-12-31","2025-12-31","2548.268","26854.437","0.036335718653876657","0","Y","US31","2","US79466L3024","1","","SALESFORCE (CRM US, Common Stock)","","4046.4705656757083","","","USD","1071950.5175531521","1071950.5175531521","1071950.5175531521","1071950.5175531521","0.015664393553024021","1071950.5175531521","1071950.5175531521","","0.015664393553024021","","","","","","","","","","","","","","","","salesforce.com, inc.","RCGZFPDMRW58VJ54VR07","1","SALESFORCE COM INC","RCGZFPDMRW58VJ54VR07","1","US","2","J","","","","","","","","","","","","","","","","","","","","","","","","","","","","9","","","9","","","","","","","","","","","","-0","-0","0.0073466005763682656","-0","-0","0","0","-0","-0","-0","-0","","LU","","1","","","","","969500PM0E65UZXZGK64","1","ODDO BHF AM SAS","K6630","9695002I9DJHZ3449O66","1","ODDO BHF SCA","LU","LU41","LU","0","","","","","","","3L","0","CACEIS Bank (Luxembourg)","0","","","","","","","","","","","","","","V7.0"
"LU1833933325","1","ODDO BHF Artificial Intelligence","USD","68432302.46511595","2025-12-31","2025-12-31","2548.268","26854.437","0.036335718653876657","0","Y","US31","2","US3364331070","1","","FIRST SOLAR (FSLR US, Common Stock)","","1519.4844846302929","","","USD","396934.93191997142","396934.93191997142","396934.93191997142","396934.93191997142","0.0058004029912965879","396934.93191997142","396934.93191997142","","0.0058004029912965879","","","","","","","","","","","","","","","","First Solar, Inc.","549300NPYMLM4NHTOF27","1","FIRST SOLAR INC","549300NPYMLM4NHTOF27","1","US","2","D","","","","","","","","","","","","","","","","","","","","","","","","","","","","9","","","9","","","","","","","","","","","","-0","-0","0.0027203890029181","-0","-0","0","0","-0","-0","-0","-0","","LU","","1","","","","","969500PM0E65UZXZGK64","1","ODDO BHF AM SAS","K6630","9695002I9DJHZ3449O66","1","ODDO BHF SCA","LU","LU41","LU","0","","","","","","","3L","0","CACEIS Bank (Luxembourg)","0","","","","","","","","","","","","","","V7.0"
"LU1833933325","1","ODDO BHF Artificial Intelligence","USD","68432302.46511595","2025-12-31","2025-12-31","2548.268","26854.437","0.036335718653876657","0","Y","US31","2","US58733R1023","1","","MERCADOLIBRE (MELI US, Common Stock)","","474.60654406771948","","","USD","955980.97745384462","955980.97745384462","955980.97745384462","955980.97745384462","0.013969732758022654","955980.97745384462","955980.97745384462","","0.013969732758022654","","","","","","","","","","","","","","","","MercadoLibre, Inc.","549300DKPDN9M5S8GB14","1","MERCADOLIBRE INC","549300DKPDN9M5S8GB14","1","US","2","J","","","","","","","","","","","","","","","","","","","","","","","","","","","","9","","","9","","","","","","","","","","","","-0","-0","0.0065518046635126247","-0","-0","0","0","-0","-0","-0","-0","","LU","","1","","","","","969500PM0E65UZXZGK64","1","ODDO BHF AM SAS","K6630","9695002I9DJHZ3449O66","1","ODDO BHF SCA","LU","LU41","LU","0","","","","","","","3L","0","CACEIS Bank (Luxembourg)","0","","","","","","","","","","","","","","V7.0"
"LU1833933325","1","ODDO BHF Artificial Intelligence","USD","68432302.46511595","2025-12-31","2025-12-31","2548.268","26854.437","0.036335718653876657","0","Y","US31","2","US92826C8394","1","","VISA (V US, Common Stock)","","8247.09365552616","","","USD","2892338.2159295795","2892338.2159295795","2892338.2159295795","2892338.2159295795","0.042265686112256382","2892338.2159295795","2892338.2159295795","","0.042265686112256382","","","","","","","","","","","","","","","","Visa, Inc.","549300JZ4OKEHW3DPJ59","1","VISA INC","549300JZ4OKEHW3DPJ59","1","US","2","K6492","","","","","","","","","","","","","","","","","","","","","","","","","","","","9","","","9","","","","","","","","","","","","-0","-0","0.019822606786648243","-0","-0","0","0","-0","-0","-0","-0","","LU","","1","","","","","969500PM0E65UZXZGK64","1","ODDO BHF AM SAS","K6630","9695002I9DJHZ3449O66","1","ODDO BHF SCA","LU","LU41","LU","0","","","","","","","3L","0","CACEIS Bank (Luxembourg)","0","","","","","","","","","","","","","","V7.0"
"LU1833933325","1","ODDO BHF Artificial Intelligence","USD","68432302.46511595","2025-12-31","2025-12-31","2548.268","26854.437","0.036335718653876657","0","Y","US31","2","US88160R1014","1","","TESLA (TSLA US, Common Stock)","","2179.6449929824262","","","USD","980229.9462440568","980229.9462440568","980229.9462440568","980229.9462440568","0.014324082501005118","980229.9462440568","980229.9462440568","","0.014324082501005118","","","","","","","","","","","","","","","","Tesla, Inc.","54930043XZGB27CTOV49","1","TESLA INC","54930043XZGB27CTOV49","1","US","2","C","","","","","","","","","","","","","","","","","","","","","","","","","","","","","","","","","","","","","","","","","","","-0","-0","0.0067179946929714","-0","-0","0","0","-0","-0","-0","-0","","LU","","1","","","","","969500PM0E65UZXZGK64","1","ODDO BHF AM SAS","K6630","9695002I9DJHZ3449O66","1","ODDO BHF SCA","LU","LU41","LU","0","","","","","","","3L","0","CACEIS Bank (Luxembourg)","0","","","","","","","","","","","","","","V7.0"
"LU1833933325","1","ODDO BHF Artificial Intelligence","USD","68432302.46511595","2025-12-31","2025-12-31","2548.268","26854.437","0.036335718653876657","0","Y","US31","2","US30303M1027","1","","META PLATFORMS (META US, Common Stock)","","2157.6706236879213","","","USD","1424256.80199016","1424256.80199016","1424256.80199016","1424256.80199016","0.020812638924668496","1424256.80199016","1424256.80199016","","0.020812638924668496","","","","","","","","","","","","","","","","Facebook, Inc.","BQ4BKCS1HXDV9HN80Z93","1","FACEBOOK INC","BQ4BKCS1HXDV9HN80Z93","1","US","2","J","","","","","","","","","","","","","","","","","","","","","","","","","","","","9","","","9","","","","","","","","","","","","-0","-0","0.0097611276556695235","-0","-0","0","0","-0","-0","-0","-0","","LU","","1","","","","","969500PM0E65UZXZGK64","1","ODDO BHF AM SAS","K6630","9695002I9DJHZ3449O66","1","ODDO BHF SCA","LU","LU41","LU","0","","","","","","","3L","0","CACEIS Bank (Luxembourg)","0","","","","","","","","","","","","","","V7.0"
"LU1833933325","1","ODDO BHF Artificial Intelligence","USD","68432302.46511595","2025-12-31","2025-12-31","2548.268","26854.437","0.036335718653876657","0","Y","US31","2","US81762P1021","1","","SERVICENOW (NOW US, Common Stock)","","7171.0134383218428","","","USD","1098527.5486165232","1098527.5486165232","1098527.5486165232","1098527.5486165232","0.01605276322795815","1098527.5486165232","1098527.5486165232","","0.01605276322795815","","","","","","","","","","","","","","","","ServiceNow, Inc.","549300HJTQM36M0E1G39","1","SERVICENOW INC","549300HJTQM36M0E1G39","1","US","2","J","","","","","","","","","","","","","","","","","","","","","","","","","","","","9","","","9","","","","","","","","","","","","-0","-0","0.0075287459539123717","-0","-0","0","0","-0","-0","-0","-0","","LU","","1","","","","","969500PM0E65UZXZGK64","1","ODDO BHF AM SAS","K6630","9695002I9DJHZ3449O66","1","ODDO BHF SCA","LU","LU41","LU","0","","","","","","","3L","0","CACEIS Bank (Luxembourg)","0","","","","","","","","","","","","","","V7.0"
"LU1833933325","1","ODDO BHF Artificial Intelligence","USD","68432302.46511595","2025-12-31","2025-12-31","2548.268","26854.437","0.036335718653876657","0","Y","US31","2","US6974351057","1","","PALO ALTO (PANW US, Common Stock)","","2198.6319102580405","","","USD","404987.99786953104","404987.99786953104","404987.99786953104","404987.99786953104","0.005918082298574971","404987.99786953104","404987.99786953104","","0.005918082298574971","","","","","","","","","","","","","","","","Palo Alto Networks, Inc.","549300QXR2YVZV231H43","1","PALO ALTO NETWORKS INC","549300QXR2YVZV231H43","1","US","2","J","","","","","","","","","","","","","","","","","","","","","","","","","","","","9","","","9","","","","","","","","","","","","-0","-0","0.0027755805980316612","-0","-0","0","0","-0","-0","-0","-0","","LU","","1","","","","","969500PM0E65UZXZGK64","1","ODDO BHF AM SAS","K6630","9695002I9DJHZ3449O66","1","ODDO BHF SCA","LU","LU41","LU","0","","","","","","","3L","0","CACEIS Bank (Luxembourg)","0","","","","","","","","","","","","","","V7.0"
"LU1833933325","1","ODDO BHF Artificial Intelligence","USD","68432302.46511595","2025-12-31","2025-12-31","2548.268","26854.437","0.036335718653876657","0","Y","US31","2","US0404132054","1","","ARISTA NETWORKS (ANET US, Common Stock)","","5357.2317359195258","","","USD","701958.07435753546","701958.07435753546","701958.07435753546","701958.07435753546","0.010257700662861163","701958.07435753546","701958.07435753546","","0.010257700662861163","","","","","","","","","","","","","","","","Arista Networks, Inc.","635400H1WKBLOQERUU95","1","ARISTA NETWORKS INC","635400H1WKBLOQERUU95","1","US","2","C","","","","","","","","","","","","","","","","","","","","","","","","","","","","9","","","9","","","","","","","","","","","","-0","-0","0.0048108616108818855","-0","-0","0","0","-0","-0","-0","-0","","LU","","1","","","","","969500PM0E65UZXZGK64","1","ODDO BHF AM SAS","K6630","9695002I9DJHZ3449O66","1","ODDO BHF SCA","LU","LU41","LU","0","","","","","","","3L","0","CACEIS Bank (Luxembourg)","0","","","","","","","","","","","","","","V7.0"
"LU1833933325","1","ODDO BHF Artificial Intelligence","USD","68432302.46511595","2025-12-31","2025-12-31","2548.268","26854.437","0.036335718653876657","0","Y","US31","2","US4435731009","1","","HUBSPOT (HUBS US, Common Stock)","","1220.8720583865381","","","USD","489935.95703051775","489935.95703051775","489935.95703051775","489935.95703051775","0.0071594252915904372","489935.95703051775","489935.95703051775","","0.0071594252915904372","","","","","","","","","","","","","","","","HubSpot, Inc.","529900BLNVEW0MVKJB37","1","HUBSPOT INC","529900BLNVEW0MVKJB37","1","US","2","J","","","","","","","","","","","","","","","","","","","","","","","","","","","","9","","","9","","","","","","","","","","","","-0","-0","0.0033577704617559147","-0","-0","0","0","-0","-0","-0","-0","","LU","","1","","","","","969500PM0E65UZXZGK64","1","ODDO BHF AM SAS","K6630","9695002I9DJHZ3449O66","1","ODDO BHF SCA","LU","LU41","LU","0","","","","","","","3L","0","CACEIS Bank (Luxembourg)","0","","","","","","","","","","","","","","V7.0"
"LU1833933325","1","ODDO BHF Artificial Intelligence","USD","68432302.46511595","2025-12-31","2025-12-31","2548.268","26854.437","0.036335718653876657","0","Y","US31","2","CA82509L1076","1","","SHOPIFY (SHOP US, Common Stock)","","4202.349173239144","","","USD","676452.146416305","676452.146416305","676452.146416305","676452.146416305","0.0098849829985061984","676452.146416305","676452.146416305","","0.0098849829985061984","","","","","","","","","","","","","","","","Shopify, Inc.","549300HGQ43STJLLP808","1","SHOPIFY INC","549300HGQ43STJLLP808","1","CA","2","J","","","","","","","","","","","","","","","","","","","","","","","","","","","","9","","","9","","","","","","","","","","","","-0","-0","0.0046360570262994069","-0","-0","0","0","-0","-0","-0","-0","","LU","","1","","","","","969500PM0E65UZXZGK64","1","ODDO BHF AM SAS","K6630","9695002I9DJHZ3449O66","1","ODDO BHF SCA","LU","LU41","LU","0","","","","","","","3L","0","CACEIS Bank (Luxembourg)","0","","","","","","","","","","","","","","V7.0"
"LU1833933325","1","ODDO BHF Artificial Intelligence","USD","68432302.46511595","2025-12-31","2025-12-31","2548.268","26854.437","0.036335718653876657","0","Y","US31","2","US02079K3059","1","","ALPHABET (GOOGL US, Common Stock)","","10514.503350041321","","","USD","3291039.5485629337","3291039.5485629337","3291039.5485629337","3291039.5485629337","0.048091901485275527","3291039.5485629337","3291039.5485629337","","0.048091901485275527","","","","","","","","","","","","","","","","Alphabet, Inc.","5493006MHB84DD0ZWV18","1","ALPHABET INC","5493006MHB84DD0ZWV18","1","US","2","J","","","","","","","","","","","","","","","","","","","","","","","","","","","","9","","","9","","","","","","","","","","","","-0","-0","0.022555101796594219","-0","-0","0","0","-0","-0","-0","-0","","LU","","1","","","","","969500PM0E65UZXZGK64","1","ODDO BHF AM SAS","K6630","9695002I9DJHZ3449O66","1","ODDO BHF SCA","LU","LU41","LU","0","","","","","","","3L","0","CACEIS Bank (Luxembourg)","0","","","","","","","","","","","","","","V7.0"
"LU1833933325","1","ODDO BHF Artificial Intelligence","USD","68432302.46511595","2025-12-31","2025-12-31","2548.268","26854.437","0.036335718653876657","0","Y","US31","2","US0494681010","1","","ATLASSIAN US (TEAM US, Common Stock)","","6512.4462377131176","","","USD","1055928.0329828048","1055928.0329828048","1055928.0329828048","1055928.0329828048","0.015430257275371886","1055928.0329828048","1055928.0329828048","","0.015430257275371886","","","","","","","","","","","","","","","","Atlassian Corp","549300V7ZY5P02D2MY38","1","ATLASSIAN CORP","549300V7ZY5P02D2MY38","1","US","2","J","","","","","","","","","","","","","","","","","","","","","","","","","","","","","","","","","","","","","","","","","","","-0","-0","0.0072367906621494142","-0","-0","0","0","-0","-0","-0","-0","","LU","","1","","","","","969500PM0E65UZXZGK64","1","ODDO BHF AM SAS","K6630","9695002I9DJHZ3449O66","1","ODDO BHF SCA","LU","LU41","LU","0","","","","","","","3L","0","CACEIS Bank (Luxembourg)","0","","","","","","","","","","","","","","V7.0"
"LU1833933325","1","ODDO BHF Artificial Intelligence","USD","68432302.46511595","2025-12-31","2025-12-31","2548.268","26854.437","0.036335718653876657","0","Y","US31","2","US60937P1066","1","","MONGODB (MDB US, Common Stock)","","1146.5840848501305","","","USD","481209.87457075127","481209.87457075127","481209.87457075127","481209.87457075127","0.0070319112062034277","481209.87457075127","481209.87457075127","","0.0070319112062034277","","","","","","","","","","","","","","","","MongoDB, Inc.","549300TPTG69WKWE1Z37","1","MONGODB INC","549300TPTG69WKWE1Z37","1","US","2","J","","","","","","","","","","","","","","","","","","","","","","","","","","","","9","","","9","","","","","","","","","","","","-0","-0","0.0032979663557094071","-0","-0","0","0","-0","-0","-0","-0","","LU","","1","","","","","969500PM0E65UZXZGK64","1","ODDO BHF AM SAS","K6630","9695002I9DJHZ3449O66","1","ODDO BHF SCA","LU","LU41","LU","0","","","","","","","3L","0","CACEIS Bank (Luxembourg)","0","","","","","","","","","","","","","","V7.0"
"LU1833933325","1","ODDO BHF Artificial Intelligence","USD","68432302.46511595","2025-12-31","2025-12-31","2548.268","26854.437","0.036335718653876657","0","Y","US31","2","US98980G1022","1","","ZSCALER (ZS US, Common Stock)","","3971.2531626223122","","","USD","893214.26133701042","893214.26133701042","893214.26133701042","893214.26133701042","0.013052523869006677","893214.26133701042","893214.26133701042","","0.013052523869006677","","","","","","","","","","","","","","","","Zscaler, Inc.","529900MZ0RTK1BWRNF46","1","ZSCALER INC","529900MZ0RTK1BWRNF46","1","US","2","J","","","","","","","","","","","","","","","","","","","","","","","","","","","","9","","","9","","","","","","","","","","","","-0","-0","0.0061216336945641315","-0","-0","0","0","-0","-0","-0","-0","","LU","","1","","","","","969500PM0E65UZXZGK64","1","ODDO BHF AM SAS","K6630","9695002I9DJHZ3449O66","1","ODDO BHF SCA","LU","LU41","LU","0","","","","","","","3L","0","CACEIS Bank (Luxembourg)","0","","","","","","","","","","","","","","V7.0"
"LU1833933325","1","ODDO BHF Artificial Intelligence","USD","68432302.46511595","2025-12-31","2025-12-31","2548.268","26854.437","0.036335718653876657","0","Y","US31","2","LU1778762911","1","","SPOTIFY TECH (SPOT US, Common Stock)","","1900.6833622407062","","","USD","1103745.8352868005","1103745.8352868005","1103745.8352868005","1103745.8352868005","0.016129017956825958","1103745.8352868005","1103745.8352868005","","0.016129017956825958","","","","","","","","","","","","","","","","Spotify Technology SA","549300B4X0JHWV0DTD60","1","SPOTIFY TECHNOLOGY SA","549300B4X0JHWV0DTD60","1","LU","1","J","","","","","","","","","","","","","","","","","","","","","","","","","","","","9","","","9","","","","","","","","","","","","-0","-0","0.0075645094217513748","-0","-0","0","0","-0","-0","-0","-0","","LU","","1","","","","","969500PM0E65UZXZGK64","1","ODDO BHF AM SAS","K6630","9695002I9DJHZ3449O66","1","ODDO BHF SCA","LU","LU41","LU","0","","","","","","","3L","0","CACEIS Bank (Luxembourg)","0","","","","","","","","","","","","","","V7.0"
"LU1833933325","1","ODDO BHF Artificial Intelligence","USD","68432302.46511595","2025-12-31","2025-12-31","2548.268","26854.437","0.036335718653876657","0","Y","US31","2","US11135F1012","1","","BROADCOM (AVGO US, Common Stock)","","3153.3551876727665","","","USD","1091376.2304535445","1091376.2304535445","1091376.2304535445","1091376.2304535445","0.015948261144799043","1091376.2304535445","1091376.2304535445","","0.015948261144799043","","","","","","","","","","","","","","","","Broadcom, Inc.","549300WV6GIDOZJTV909","1","BROADCOM INC","549300WV6GIDOZJTV909","1","US","2","C","","","","","","","","","","","","","","","","","","","","","","","","","","","","9","","","9","","","","","","","","","","","","-0","-0","0.0074797344769107514","-0","-0","0","0","-0","-0","-0","-0","","LU","","1","","","","","969500PM0E65UZXZGK64","1","ODDO BHF AM SAS","K6630","9695002I9DJHZ3449O66","1","ODDO BHF SCA","LU","LU41","LU","0","","","","","","","3L","0","CACEIS Bank (Luxembourg)","0","","","","","","","","","","","","","","V7.0"
"LU1833933325","1","ODDO BHF Artificial Intelligence","USD","68432302.46511595","2025-12-31","2025-12-31","2548.268","26854.437","0.036335718653876657","0","Y","HK31","3","KYG9830T1067","1","","XIAOMI (1810 HK, Common Stock)","","41492.389151255375","","","HKD","1630650.8936443361","1630650.8936443361","209500.98203177698","209500.98203177698","0.0030614340667343789","1630650.8936443361","209500.98203177698","","0.0030614340667343789","","","","","","","","","","","","","","","","Xiaomi Corp.","2549001ACVFAZRNMKL32","1","XIAOMI CORP","2549001ACVFAZRNMKL32","1","KY","3","C","","","","","","","","","","","","","","","","","","","","","","","","","","","","9","","","9","","","","","","","","","","","","-0","-0","-0","0.0017419559839718613","-0","0","0","-0","-0","-0.00076535851668359483","0.00076535851668359451","","LU","","1","","","","","969500PM0E65UZXZGK64","1","ODDO BHF AM SAS","K6630","9695002I9DJHZ3449O66","1","ODDO BHF SCA","LU","LU41","LU","0","","","","","","","3L","0","CACEIS Bank (Luxembourg)","0","","","","","","","","","","","","","","V7.0"
"LU1833933325","1","ODDO BHF Artificial Intelligence","USD","68432302.46511595","2025-12-31","2025-12-31","2548.268","26854.437","0.036335718653876657","0","Y","XT72","","X0A5xnLX","99","","Cash in CAD","","","0.68910559902404933","","CAD","0.68910559902404933","0.68910559902404933","0.50272157506769977","0.50272157506769977","7.34626129705291E-09","0.68910559902404933","0.50272157506769977","","7.34626129705291E-09","","","","","","","","","","","","","","","","CACEIS Bank (Luxembourg)","96950023SCR9X9F3L662","1","CACEIS Bank (Luxembourg)","96950023SCR9X9F3L662","1","LU","1","K6419","","","","","","9","","","","","","","","","","","","","","","","","","","","","","9","","","9","","","","","0","0","0","","","","","-0","-0","-0","-0","-0","0","0","-0","-0","-1.8365653242632265E-09","1.8365653242632275E-09","","LU","","1","","9","","","969500PM0E65UZXZGK64","1","ODDO BHF AM SAS","K6630","9695002I9DJHZ3449O66","1","ODDO BHF SCA","LU","LU41","LU","0","","","","","","","7","","CACEIS Bank (Luxembourg)","","","12","","","","","","","0","0","","","","V7.0"
"LU1833933325","1","ODDO BHF Artificial Intelligence","USD","68432302.46511595","2025-12-31","2025-12-31","2548.268","26854.437","0.036335718653876657","0","Y","XT72","","X0A5xnRX","99","","Cash in HKD","","","3973.2653775265912","","HKD","3973.2653775265912","3973.2653775265912","510.47284351854449","510.47284351854449","7.459530442933191E-06","3973.2653775265912","510.47284351854449","","7.459530442933191E-06","","","","","","","","","","","","","","","","CACEIS Bank (Luxembourg)","96950023SCR9X9F3L662","1","CACEIS Bank (Luxembourg)","96950023SCR9X9F3L662","1","LU","1","K6419","","","","","","9","","","","","","","","","","","","","","","","","","","","","","9","","","9","","","","","0","0","0","","","","","-0","-0","-0","-0","-0","0","0","-0","-0","-1.8648826107332978E-06","1.8648826107332978E-06","","LU","","1","","9","","","969500PM0E65UZXZGK64","1","ODDO BHF AM SAS","K6630","9695002I9DJHZ3449O66","1","ODDO BHF SCA","LU","LU41","LU","0","","","","","","","7","","CACEIS Bank (Luxembourg)","","","12","","","","","","","0","0","","","","V7.0"
"LU1833933325","1","ODDO BHF Artificial Intelligence","USD","68432302.46511595","2025-12-31","2025-12-31","2548.268","26854.437","0.036335718653876657","0","Y","XT72","","X0A5xnmX","99","","Cash in USD","","","2024221.51178426","","USD","2024221.51178426","2024221.51178426","2024221.51178426","2024221.51178426","0.029579912393217035","2024221.51178426","2024221.51178426","","0.029579912393217035","","","","","","","","","","","","","","","","CACEIS Bank (Luxembourg)","96950023SCR9X9F3L662","1","CACEIS Bank (Luxembourg)","96950023SCR9X9F3L662","1","LU","1","K6419","","","","","","9","","","","","","","","","","","","","","","","","","","","","","9","","","9","","","","","0","0","0","","","","","-0","-0","-0","-0","-0","0","0","-0","-0","-0","-0","","LU","","1","","9","","","969500PM0E65UZXZGK64","1","ODDO BHF AM SAS","K6630","9695002I9DJHZ3449O66","1","ODDO BHF SCA","LU","LU41","LU","0","","","","","","","7","","CACEIS Bank (Luxembourg)","","","12","","","","","","","0","0","","","","V7.0"
"LU1833933325","1","ODDO BHF Artificial Intelligence","USD","68432302.46511595","2025-12-31","2025-12-31","2548.268","26854.437","0.036335718653876657","0","Y","XT72","","X0A5xo7X","99","","Cash in DKK","","","5.3176645936248885","","DKK","5.3176645936248885","5.3176645936248885","0.83616337405259578","0.83616337405259578","1.2218840283488026E-08","5.3176645936248885","0.83616337405259578","","1.2218840283488026E-08","","","","","","","","","","","","","","","","CACEIS Bank (Luxembourg)","96950023SCR9X9F3L662","1","CACEIS Bank (Luxembourg)","96950023SCR9X9F3L662","1","LU","1","K6419","","","","","","9","","","","","","","","","","","","","","","","","","","","","","9","","","9","","","","","0","0","0","","","","","-0","-0","-0","-0","-0","0","0","-0","-0","-3.054710070872007E-09","3.0547100708720082E-09","","LU","","1","","9","","","969500PM0E65UZXZGK64","1","ODDO BHF AM SAS","K6630","9695002I9DJHZ3449O66","1","ODDO BHF SCA","LU","LU41","LU","0","","","","","","","7","","CACEIS Bank (Luxembourg)","","","12","","","","","","","0","0","","","","V7.0"
"LU1833933325","1","ODDO BHF Artificial Intelligence","USD","68432302.46511595","2025-12-31","2025-12-31","2548.268","26854.437","0.036335718653876657","0","Y","XT72","","X0A5xoeX","99","","Cash in JPY","","","80588488.600144207","","JPY","80588488.600144207","80588488.600144207","514137.5393163687","514137.5393163687","0.0075130825764404968","80588488.600144207","514137.5393163687","","0.0075130825764404968","","","","","","","","","","","","","","","","CACEIS Bank (Luxembourg)","96950023SCR9X9F3L662","1","CACEIS Bank (Luxembourg)","96950023SCR9X9F3L662","1","LU","1","K6419","","","","","","9","","","","","","","","","","","","","","","","","","","","","","9","","","9","","","","","0","0","0","","","","","-0","-0","-0","-0","-0","0","0","-0","-0","-0.0018782706441101238","0.0018782706441101238","","LU","","1","","9","","","969500PM0E65UZXZGK64","1","ODDO BHF AM SAS","K6630","9695002I9DJHZ3449O66","1","ODDO BHF SCA","LU","LU41","LU","0","","","","","","","7","","CACEIS Bank (Luxembourg)","","","12","","","","","","","0","0","","","","V7.0"
"LU1833933325","1","ODDO BHF Artificial Intelligence","USD","68432302.46511595","2025-12-31","2025-12-31","2548.268","26854.437","0.036335718653876657","0","Y","XT72","","X0A5xpBX","99","","Cash in KRW","","","397611.58714673715","","KRW","397611.58714673715","397611.58714673715","276.01373582779991","276.01373582779991","4.0333837367009635E-06","397611.58714673715","276.01373582779991","","4.0333837367009635E-06","","","","","","","","","","","","","","","","CACEIS Bank (Luxembourg)","96950023SCR9X9F3L662","1","CACEIS Bank (Luxembourg)","96950023SCR9X9F3L662","1","LU","1","K6419","","","","","","9","","","","","","","","","","","","","","","","","","","","","","9","","","9","","","","","0","0","0","","","","","-0","-0","-0","-0","-0","0","0","-0","-0","-1.0083459341752417E-06","1.0083459341752411E-06","","LU","","1","","9","","","969500PM0E65UZXZGK64","1","ODDO BHF AM SAS","K6630","9695002I9DJHZ3449O66","1","ODDO BHF SCA","LU","LU41","LU","0","","","","","","","7","","CACEIS Bank (Luxembourg)","","","12","","","","","","","0","0","","","","V7.0"
"LU1833933325","1","ODDO BHF Artificial Intelligence","USD","68432302.46511595","2025-12-31","2025-12-31","2548.268","26854.437","0.036335718653876657","0","Y","XT72","","X0A5xpTX","99","","Cash in SEK","","","-0.22239920585072881","","SEK","-0.22239920585072881","-0.22239920585072881","-0.024124528772804358","-0.024124528772804358","-3.5253130325553605E-10","-0.22239920585072881","-0.024124528772804358","","-3.5253130325553605E-10","","","","","","","","","","","","","","","","CACEIS Bank (Luxembourg)","96950023SCR9X9F3L662","1","CACEIS Bank (Luxembourg)","96950023SCR9X9F3L662","1","LU","1","K6419","","","","","","9","","","","","","","","","","","","","","","","","","","","","","9","","","9","","","","","0","0","0","","","","","-0","-0","-0","-0","-0","0","0","-0","-0","8.8132825813884E-11","-8.8132825813884E-11","","LU","","1","","9","","","969500PM0E65UZXZGK64","1","ODDO BHF AM SAS","K6630","9695002I9DJHZ3449O66","1","ODDO BHF SCA","LU","LU41","LU","0","","","","","","","L","","CACEIS Bank (Luxembourg)","","","12","","","","","","","0","0","","","","V7.0"
"LU1833933325","1","ODDO BHF Artificial Intelligence","USD","68432302.46511595","2025-12-31","2025-12-31","2548.268","26854.437","0.036335718653876657","0","Y","XT72","","X0A5xq3X","99","","Cash in CHF","","","0.028546763736063695","","CHF","0.028546763736063695","0.028546763736063695","0.036032519704719088","0.036032519704719088","5.2654255967913732E-10","0.028546763736063695","0.036032519704719088","","5.2654255967913732E-10","","","","","","","","","","","","","","","","CACEIS Bank (Luxembourg)","96950023SCR9X9F3L662","1","CACEIS Bank (Luxembourg)","96950023SCR9X9F3L662","1","LU","1","K6419","","","","","","9","","","","","","","","","","","","","","","","","","","","","","9","","","9","","","","","0","0","0","","","","","-0","-0","-0","-0","-0","0","0","-0","-0","-1.316356399197843E-10","1.3163563991978425E-10","","LU","","1","","9","","","969500PM0E65UZXZGK64","1","ODDO BHF AM SAS","K6630","9695002I9DJHZ3449O66","1","ODDO BHF SCA","LU","LU41","LU","0","","","","","","","7","","CACEIS Bank (Luxembourg)","","","12","","","","","","","0","0","","","","V7.0"
"LU1833933325","1","ODDO BHF Artificial Intelligence","USD","68432302.46511595","2025-12-31","2025-12-31","2548.268","26854.437","0.036335718653876657","0","Y","XT72","","X0A5xqIX","99","","Cash in TWD","","","0.1327756452840172","","TWD","0.1327756452840172","0.1327756452840172","0.0042257648759255004","0.0042257648759255004","6.1751025812402356E-11","0.1327756452840172","0.0042257648759255004","","6.1751025812402356E-11","","","","","","","","","","","","","","","","CACEIS Bank (Luxembourg)","96950023SCR9X9F3L662","1","CACEIS Bank (Luxembourg)","96950023SCR9X9F3L662","1","LU","1","K6419","","","","","","9","","","","","","","","","","","","","","","","","","","","","","9","","","9","","","","","0","0","0","","","","","-0","-0","-0","-0","-0","0","0","-0","-0","-1.5437756453100586E-11","1.5437756453100586E-11","","LU","","1","","9","","","969500PM0E65UZXZGK64","1","ODDO BHF AM SAS","K6630","9695002I9DJHZ3449O66","1","ODDO BHF SCA","LU","LU41","LU","0","","","","","","","7","","CACEIS Bank (Luxembourg)","","","12","","","","","","","0","0","","","","V7.0"
"LU1833933325","1","ODDO BHF Artificial Intelligence","USD","68432302.46511595","2025-12-31","2025-12-31","2548.268","26854.437","0.036335718653876657","0","Y","XT72","","X0A5xqyX","99","","Cash in GBP","","","1.3330674786515326","","GBP","1.3330674786515326","1.3330674786515326","1.7930424121602442","1.7930424121602442","2.6201696385625276E-08","1.3330674786515326","1.7930424121602442","","2.6201696385625276E-08","","","","","","","","","","","","","","","","CACEIS Bank (Luxembourg)","96950023SCR9X9F3L662","1","CACEIS Bank (Luxembourg)","96950023SCR9X9F3L662","1","LU","1","K6419","","","","","","9","","","","","","","","","","","","","","","","","","","","","","9","","","9","","","","","0","0","0","","","","","-0","-0","-0","-0","-0","0","0","-0","-0","-6.5504240964063207E-09","6.5504240964063207E-09","","LU","","1","","9","","","969500PM0E65UZXZGK64","1","ODDO BHF AM SAS","K6630","9695002I9DJHZ3449O66","1","ODDO BHF SCA","LU","LU41","LU","0","","","","","","","7","","CACEIS Bank (Luxembourg)","","","12","","","","","","","0","0","","","","V7.0"
"LU1833933325","1","ODDO BHF Artificial Intelligence","USD","68432302.46511595","2025-12-31","2025-12-31","2548.268","26854.437","0.036335718653876657","0","Y","XT72","","X0A5xrDX","99","","Cash in EUR","","","-44796.965840733239","","EUR","-44796.965840733239","-44796.965840733239","-52611.796531649154","-52611.796531649154","-0.00076881523252076084","-44796.965840733239","-52611.796531649154","","-0.00076881523252076084","","","","","","","","","","","","","","","","CACEIS Bank (Luxembourg)","96950023SCR9X9F3L662","1","CACEIS Bank (Luxembourg)","96950023SCR9X9F3L662","1","LU","1","K6419","","","","","","9","","","","","","","","","","","","","","","","","","","","","","9","","","9","","","","","0","0","0","","","","","-0","-0","-0","-0","-0","0","0","-0","-0","0.00019220380813019024","-0.00019220380813019016","","LU","","1","","9","","","969500PM0E65UZXZGK64","1","ODDO BHF AM SAS","K6630","9695002I9DJHZ3449O66","1","ODDO BHF SCA","LU","LU41","LU","0","","","","","","","L","","CACEIS Bank (Luxembourg)","","","12","","","","","","","0","0","","","","V7.0"
